,BROAD CAPITAL ACQUISITION CORP-QUETTA ACQUISITION CORP,R F ACQUISITION CORP-FOUR LEAF ACQUISITION CORP,BANNIX ACQUISITION CORP-BYNORDIC ACQUISITION CORP,GOLDENSTONE ACQUISITION LTD-TRAILBLAZER MERGER CORP I,AQUARON ACQUISITION CORP-ESH ACQUISITION CORP,HENNESSY CAPITAL INV CORP VI-DMY SQUARED TECHNOLOGY GROUP INC,MARBLEGATE ACQUISITION CORP-BELLEVUE LIFE SCIENCES ACQ CORP,ATLANTIC UNION BANKSHARES CORP-HOPE BANCORP INC,TRUSTCO BANK CORP NY-FIRST COMMONWEALTH FINANCIAL COR,YOTTA ACQUISITION CORP-GLOBAL BLOCKCHAIN ACQ CORP,GREAT SOUTHERN BANCORP INC-PEOPLES BANCORP INC,WESBANCO INC-FIRST MERCHANTS CORP,FIRST FINANCIAL BANCORP OHIO-FIRST HAWAIIAN INC,REPUBLIC BANCORP INC KY-F B FINANCIAL CORP,UNITED BANKSHARES INC-RENASANT CORP,WINVEST ACQUISITION CORP-GLOBAL STAR ACQUISITION INC,COMMUNITY BANK SYSTEM INC-ENTERPRISE FINANCIAL SVCS CORP,COMMUNITY FINANCIAL SYSTEM INC-ENTERPRISE FINANCIAL SVCS CORP,WESTAMERICA BANCORPORATION-ORIGIN BANCORP INC,FULTON FINANCIAL CORP PA-WSFS FINANCIAL CORP,FIRST BUSINESS FINL SVCS INC-FIVE STAR BANCORP,CITY HOLDING CO-HANCOCK WHITNEY CORP,ASSOCIATED BANC CORP-F N B CORP PA,HORIZON BANCORP INC-CAMDEN NATIONAL CORP,INTERNATIONAL BANCSHARES CORP-PREFERRED BANK LOS ANGELES,BERKSHIRE HATHAWAY INC DEL-C N A FINANCIAL CORP,E S S A BANCORP INC-RED RIVER BANCSHARES INC,FIRST BANCORP INC ME-CHEMUNG FINANCIAL CORP,CATHAY GENERAL BANCORP-BROOKLINE BANCORP INC,SHORE BANCSHARES INC-FIRST COMMUNITY CORP SC,BANCFIRST CORP-HERITAGE FINANCIAL CORP WA,BANK OF NEW YORK MELLON CORP-HOULIHAN LOKEY INC,HUNTINGTON BANCSHARES INC-WINTRUST FINANCIAL CORP,SIMMONS 1ST NATIONAL CORP-SOUTHSTATE CORP,M G I C INVESTMENT CORP WIS-N M I HOLDINGS INC,ARROW FINANCIAL CORP-H B T FINANCIAL INC,S & T BANCORP INC-CROSSFIRST BANKSHARES INC,VALLEY NATIONAL BANCORP-MIDDLEFIELD BANC CORP,PACIFIC PREMIER BANCORP INC-NORWOOD FINANCIAL CORP,OLD REPUBLIC INTERNATIONAL CORP-TRUIST FINANCIAL CORP,N S T S BANCORP INC-ECB BANCORP INC,SOUTHERN MISSOURI BANCORP INC-MIDWESTONE FINANCIAL GRP INC NEW,LAKELAND FINANCIAL CORP-FEDERAL AGRICULTURAL MORT CORP,FIRST BANCSHARES INC MS-BANKUNITED INC,LANDMARK BANCORP INC-MAGYAR BANCORP INC,RADIAN GROUP INC-ENACT HOLDINGS INC,PATHWARD FINANCIAL INC-Q C R HOLDINGS INC,CITIZENS & NORTHERN CORP-FIDELITY D & D BANCORP INC,FIRST BANCORP NC-TOWNEBANK,C N O FINANCIAL GROUP INC-MOELIS & CO,NORTHERN TRUST CORP-STATE STREET CORP,FIRST BANK-PRINCETON BANCORP INC,PREMIER FINANCIAL CORP-P C B BANCORP,NATIONAL BANK HOLDINGS CORP-EASTERN BANKSHARES INC,STOCK YARDS BANCORP INC-BANNER CORP,PRIMIS FINANCIAL CORP-M V B FINANCIAL CORP,GENWORTH FINANCIAL INC-FIRST AMERICAN FINL CORP NEW,WATERSTONE FINANCIAL INC NEW-BRIDGEWATER BANCSHARES INC,MIDLAND STATES BANCORP INC-SOUTHERN CALIFORNIA BANCORP,MIDLAND STATES BANCORP INC-CALIFORNIA BANCORP,BANK OF AMERICA CORP-CITIGROUP INC,LAKE SHORE BANCORP INC-PIONEER BANCORP INC,FIDELITY NATIONAL FINL INC NEW-PENNYMAC FINANCIAL SVCS INC NEW,C B FINANCIAL SERVICES INC-PONCE FINANCIAL GROUP INC,FIRST HORIZON CORP-CAPITAL ONE FINANCIAL CORP,BERKLEY W R CORP-TRAVELERS COMPANIES INC,POPULAR INC-MARSH & MCLENNAN COS INC,O F G BANCORP-S & P GLOBAL INC,INDEPENDENT BANK CORP MA-FIRST LONG ISLAND CORP,INDEPENDENT BANK GROUP INC-CARTER BANKSHARES INC,CADENCE BANK-MERCANTILE BANK CORP,COMERICA INC-TEXAS CAPITAL BANCSHARES INC,KEYCORP NEW-BLACKROCK INC,KEYCORP NEW-BLACKROCK INC NEW,BANK OF MARIN BANCORP-PEAPACK GLADSTONE FINANCIAL CORP,ENCORE CAPITAL GROUP INC-HILLTOP HOLDINGS INC,SELECTIVE INSURANCE GROUP INC-VIRTUS INVESTMENT PARTNERS INC,OLD SECOND BANCORP INC-BANK FIRST CORP,TRICO BANCSHARES-PEOPLES FINANCIAL SERVICES CORP,B C B BANCORP INC-NORTHFIELD BANCORP INC DE,BANK O Z K-BRIGHTHOUSE FINANCIAL INC,ARES MANAGEMENT CORP-TRADEWEB MARKETS INC,F S BANCORP INC-R B B BANCORP,TOMPKINS FINANCIAL CORP-HANMI FINANCIAL CORP,GOLDMAN SACHS GROUP INC-G C M GROSVENOR INC,UNITED SECURITY BANKSHARES-SR BANCORP INC,SYNOVUS FINANCIAL CORP-EAST WEST BANCORP INC,WASHINGTON TRUST BANCORP INC-CONNECTONE BANCORP INC NEW,CAPITOL FEDERAL FINANCIAL INC-JOHN MARSHALL BANCORP INC,REVELATION BIOSCIENCES INC-DEEP MEDICINE ACQUISITION CORP,REVELATION BIOSCIENCES INC-TRUGOLF INC,REVELATION BIOSCIENCES INC-TRUGOLF HOLDINGS INC,UNITEDHEALTH GROUP INC-FIRST BUSEY CORP,BYLINE BANCORP INC-AMALGAMATED FINANCIAL CORP,BROWN & BROWN INC-MR COOPER GROUP INC,CENTRAL VALLEY COMM BANCORP-OAK VALLEY BANCORP,COMMUNITY WEST BANCSHARES NEW-OAK VALLEY BANCORP,DONEGAL GROUP INC-TIPTREE INC,TRUSTMARK CORP-AXOS FINANCIAL INC,AMERICAN INTERNATIONAL GROUP INC-T ROWE PRICE GROUP INC,HINGHAM INSTITUTION FOR SVGS MA-SANDY SPRING BANCORP INC,EAGLE BANCORP INC-KEARNY FINANCIAL CORP NEW,PRINCIPAL FINANCIAL GROUP INC-VOYA FINANCIAL INC,HOME FEDERAL BANCORP INC LA-NAVIENT CORP,CIVISTA BANCSHARES INC-CHOICEONE FINANCIAL SERVICES INC,NORTHEAST BANK-THIRD COAST BANCSHARES INC,SAFETY INSURANCE GROUP INC-OPTIMUMBANK HOLDINGS INC,AFLAC INC-SOUND FINANCIAL BANCORP INC,ASSOCIATED CAPITAL GROUP INC-WESTERN ACQ VENTURES CORP,INVESTORS TITLE CO-CENTRAL PACIFIC FINANCIAL CORP,UNITY BANCORP INC-O P BANCORP,WORLD ACCEPTANCE CORP-U S GLOBAL INVESTORS INC,S B FINANCIAL GROUP INC-EVANS BANCORP INC,AMERISAFE INC-HILLMAN SOLUTIONS CORP,NATIONAL BANKSHARES INC-AMERANT BANCORP INC,FIRST FINANCIAL BANKSHARES INC-BANKFINACIAL CORP,LESAKA TECHNOLOGIES INC-EQUITABLE HOLDINGS INC,WESTWOOD HOLDINGS GROUP INC-FINWARD BANCORP,AMERICAN FINANCIAL GROUP INC NEW-EMPLOYERS HOLDINGS INC,SCHWAB CHARLES CORP NEW-ONEMAIN HOLDINGS INC,PATHFINDER BANCORP INC MD-FINANCIAL INSTITUTIONS INC,B G C GROUP INC-REINSURANCE GROUP OF AMERICA INC,RIVERVIEW BANCORP INC-MAINSTREET BANCSHARES INC,COHEN & STEERS INC-BLACKSTONE INC,WESTERN NEW ENGLAND BANCORP INC-SOUTHERN FIRST BANCSHARES INC,HAWTHORN BANCSHARES INC-ENTERPRISE BANCORP INC,COLUMBIA BANKING SYSTEM INC-DIME COMMUNITY BANCSHRS INC NEW,MEDALLION FINANCIAL CORP-OCWEN FINANCIAL CORP,MEDALLION FINANCIAL CORP-ONITY GROUP INC,M & T BANK CORP-P J T PARTNERS INC,OHIO VALLEY BANC CORP-PROVIDENT FINANCIAL HOLDINGS INC,FIRST U S BANCSHARES INC-GLOBAL INDEMNITY GROUP LLC,CHEMED CORP NEW-ALERUS FINANCIAL CORP,AMES NATL CORP-STERLING BANCORP INC,LINCOLN NATIONAL CORP-NELNET INC,UTZ BRANDS INC-C F S B BANCORP INC,INCYTE CORP-FRANKLIN FINANCIAL SERVICES CORP,N B T BANCORP INC-VIRGINIA NATL BANKSHARES CORP,KEMPER CORP DE-PRIMERICA INC,USIO INC-WILLSCOT MOBILE MINI HLDGS CORP,USIO INC-WILLSCOT HOLDINGS CORP,SUMMIT STATE BANK-VIVID SEATS INC,OLD POINT FINL CORP-BV FINANCIAL INC,PIPER SANDLER COMPANIES-K K R & CO INC,SITIO ROYALTIES CORP NEW-C C C INTEL SOLUTIONS HLDGS INC,S L M CORP-RESERVOIR MEDIA INC,AMERICAN EXPRESS CO-BRIGHTSPHERE INVESTMENT GRP INC,A P I GROUP CORP-GRANITE RIDGE RESOURCES INC,WELLS FARGO & CO NEW-HEALTHEQUITY INC,PENNS WOODS BANCORP INC-HANOVER BANCORP INC,MAGNOLIA OIL & GAS CORP-EQUINOX GOLD CORP,AFFINITY BANCSHARES INC-HAGERTY INC,TRIUMPH FINANCIAL INC-RICHMOND MUTUAL BANCORP INC,FLUSHING FINANCIAL CORP-FIRST WESTERN FINANCIAL INC,FIRST CAPITAL INC-MERCADOLIBRE INC,HEARTLAND FINANCIAL USA INC-BANK7 CORP,PROGRESSIVE CORP OH-RYAN SPECIALTY HOLDINGS INC,INCOME OPPORTUNITY RLTY INVS INC-FIRST SEACOAST BANCORP INC,AERSALE CORP-NAVITAS SEMICONDUCTOR CORP,HOMETRUST BANCSHARES INC-1895 BANCORP OF WI INC NEW,CIGNA GROUP-GUILD HOLDINGS CO,HARTFORD FINANCIAL SVCS GRP INC-COREBRIDGE FINANCIAL INC,PROASSURANCE CORP-FIRST GUARANTY BANCSHARES INC,NORTHEAST CMNTY BANCORP INC MD-FRONTDOOR INC,OPPENHEIMER HOLDINGS INC-U S C B FINANCIAL HLDGS INC,MERCURY GENERAL CORP NEW-VICTORY CAPITAL HOLDINGS INC,FIRST UNITED CORP-FREEDOM HOLDING CORP,KENTUCKY FIRST FEDERAL BANCORP-GETTY IMAGES HOLDINGS INC,RAYMOND JAMES FINANCIAL INC-L P L FINANCIAL HOLDINGS INC,HAMILTON LANE INC-T P G INC,U W M HOLDINGS CORP-ROCKET COMPANIES INC,TITAN MACHINERY INC-LOOP INDUSTRIES INC,PEOPLES BANCORP NC INC NEW-UNITED BANCORP INC OH,PHOENIX BIOTECH ACQ CORP-BENEFICIENT,CERO THERAPEUTICS HOLDINGS INC-BENEFICIENT,FIRST NORTHWEST BANCORP-OPEN LENDING CORP,OFFERPAD SOLUTIONS INC-BRIDGER AEROSPACE GP HLDGS INC,FIRST SAVINGS FINANCIAL GRP INC-HENNESSY ADVISORS INC,LOTTERY COM INC-URGENT LY INC,DISCOVER FINANCIAL SERVICES-SYNCHRONY FINANCIAL,APOLLO GLOBAL MANAGEMENT INC NEW-BLUE OWL CAPITAL INC,JANUS INTERNATIONAL GROUP INC-WESTROCK COFFEE CO,REGIONAL MANAGEMENT CORP-PB BANKSHARES INC,CONSUMER PORTFOLIO SVCS INC-BANK OF JAMES FINL GROUP INC,CUSTOM TRUCK ONE SOURCE INC-BLACKSKY TECHNOLOGY INC,ELEVANCE HEALTH INC-MERCHANTS BANCORP,RELIANCE GLOBAL GROUP INC-ALLURION TECHNOLOGIES INC,WHEELS UP EXPERIENCE INC-LIVEWIRE GROUP INC,AMBAC FINANCIAL GROUP INC-PLAYSTUDIOS INC,FIRST FOUNDATION INC-CONIFER HOLDINGS INC,SPECTRAL AI INC-PSQ HOLDINGS INC,PINSTRIPES HOLDINGS INC-ALSET CAPITAL ACQUISITION CORP,PINSTRIPES HOLDINGS INC-HWM INTERNATIONAL INC,CANOO INC-NKGEN BIOTECH INC,EVE HOLDING INC-SAB BIOTHERAPEUTICS INC,H C I GROUP INC-DRAFTKINGS INC,SIERRA BANCORP-BANCORP INC,CALIDI BIOTHERAPEUTICS INC-ALTERNUS CLEAN ENERGY INC,TRISALUS LIFE SCIENCES INC-JANOVER INC,STEPSTONE GROUP INC-PERELLA WEINBERG PARTNERS,HYZON MOTORS INC-REDWOODS ACQUISITION CORP,HYZON MOTORS INC-ANEW MEDICAL INC,HYZON MOTORS INC-KLOTHO NEUROSCIENCES INC,PATRIOT NATIONAL BANCORP INC-VACASA INC,N R X PHARMACEUTICALS INC-NEW FORTRESS ENERGY INC,NAUTILUS BIOTECHNOLOGY INC-MODULAR MEDICAL INC,F G FINANCIAL GROUP INC NV-INFRARED CAMERAS HOLDINGS INC,F G FINANCIAL GROUP INC NV-MULTISENSOR AI HOLDINGS INC,FUNDAMENTAL GLOBAL INC-INFRARED CAMERAS HOLDINGS INC,FUNDAMENTAL GLOBAL INC-MULTISENSOR AI HOLDINGS INC,GLOBE LIFE INC-FLYWIRE CORP,C F BANKSHARES INC-GOOSEHEAD INSURANCE INC,UNIVERSAL INSURANCE HOLDINGS INC-ERIE INDEMNITY CO,LUCID GROUP INC-LOANDEPOT INC,TARGET HOSPITALITY CORP-ABACUS LIFE INC,BEACHBODY CO INC-CREATIVE MEDICAL TECH HLDGS INC,DESKTOP METAL INC-BEAUTY HEALTH CO,SMITH & WESSON BRANDS INC-MILL CITY VENTURES III LTD,B R P GROUP INC-JACKSON FINANCIAL INC,BALDWIN INSURANCE GROUP INC-JACKSON FINANCIAL INC,VILLAGE BANK AND TRUST FINL CORP-PAYONEER GLOBAL INC,FLEXSHOPPER INC-PLBY GROUP INC,BANZAI INTERNATIONAL INC-ZOOMCAR HOLDINGS INC,INTERACTIVE BROKERS GROUP INC-PALOMAR HOLDINGS INC,RAFAEL HOLDINGS INC-JOBY AVIATION INC,C P I CARD GROUP INC-I C C HOLDINGS INC,EHEALTH INC-DOUGLAS ELLIMAN INC,CITIZENS INC-TRUPANION INC,FIRST INTERNET BANCORP-KINSALE CAPITAL GROUP INC,INSPIRATO INC-INSIGHT ACQUISITION CORP,INSPIRATO INC-ALPHA MODUS HOLDINGS INC,BRIGHT HEALTH GROUP INC-KORE GROUP HOLDINGS INC,NEUEHEALTH INC-KORE GROUP HOLDINGS INC,MONTEREY CAPITAL ACQ CORP-FEUTUNE LIGHT ACQUISITION CORP,MONTEREY CAPITAL ACQ CORP-THUNDER POWER HOLDINGS INC,CONNECTM TECHNOLOGY SOLUTIONS IN-FEUTUNE LIGHT ACQUISITION CORP,CONNECTM TECHNOLOGY SOLUTIONS IN-THUNDER POWER HOLDINGS INC,EVERQUOTE INC-NUVATION BIO INC,SIEBERT FINANCIAL CORP-INNOVID CORP,ENSYSCE BIOSCIENCES INC-MAWSON INFRASTRUCTURE GROUP INC,ARROWROOT ACQUISITION CORP-GOLDEN ARROW MERGER CORP,ARROWROOT ACQUISITION CORP-BOLT PROJECTS HOLDINGS INC,ILEARNINGENGINES INC-GOLDEN ARROW MERGER CORP,ILEARNINGENGINES INC-BOLT PROJECTS HOLDINGS INC,SPIRE GLOBAL INC-COINBASE GLOBAL INC,VINCE HOLDING CORP-EVOLV TECHNOLOGIES HOLDINGS INC,QUANTUM SI INC-MOBIX LABS INC,SOLID POWER INC-B R C INC,FIRST FINANCIAL NORTHWEST INC-LENDINGTREE INC,FLAME ACQUISITION CORP-AVEANNA HEALTHCARE HOLDINGS INC,SABLE OFFSHORE CORP-AVEANNA HEALTHCARE HOLDINGS INC,COHEN & CO INC NEW-BLEND LABS INC,HIMS & HERS HEALTH INC-ROBINHOOD MARKETS INC,KATAPULT HOLDINGS INC-FISCALNOTE HOLDINGS INC,OUSTER INC-DRILLING TOOLS INTL CORP,PRIORITY TECHNOLOGY HOLDINGS INC-TEXAS PACIFIC LAND CORP,OSCAR HEALTH INC-VERDE CLEAN FUELS INC,HOMESTREET INC-MARYGOLD COMPANIES INC,XBP EUROPE HOLDINGS INC-GIGCAPITAL5 INC,XBP EUROPE HOLDINGS INC-QT IMAGING HOLDINGS INC,LEMONADE INC-HEARTCORE ENTERPRISES INC,SYNTEC OPTICS HOLDINGS INC-CONCORD ACQUISITION CORP III,SYNTEC OPTICS HOLDINGS INC-GCT SEMICONDUCTOR HOLDING INC,CELULARITY INC-BENSON HILL INC,COMMSCOPE HOLDING CO INC-AURORA INNOVATION INC,B M TECHNOLOGIES INC-MATTERPORT INC,180 LIFE SCIENCES CORP-MICROVAST HOLDINGS INC,AEVA TECHNOLOGIES INC-FOXO TECHNOLOGIES INC,SEASTAR MEDICAL HOLDING CORP-AEON BIOPHARMA INC,HIPPO HOLDINGS INC-NEXTNAV INC,EOS ENERGY ENTERPRISES INC-COMPOSECURE INC,MEDIAALPHA INC-SONDER HOLDINGS INC,HYLIION HOLDINGS CORP-BUZZFEED INC,BUTTERFLY NETWORK INC-ALTC ACQUISITION CORP,BUTTERFLY NETWORK INC-OKLO INC,SENMIAO TECHNOLOGY LTD-SELECTQUOTE INC,CURIOSITYSTREAM INC-CLOVER HEALTH INVESTMENTS CORP,CXAPP INC-ENVOY MEDICAL INC,TERAWULF INC-ROCKET LAB USA INC,GD CULTURE GROUP LTD-FARADAY FUTURE INTEL ELCTRC INC,RIGETTI COMPUTING INC-D WAVE QUANTUM INC,JASPER THERAPEUTICS INC-DIGITAL WORLD ACQUISITION CORP,JASPER THERAPEUTICS INC-TRUMP MEDIA & TECH GRP CORP,KINGSTONE COMPANIES INC-INTUITIVE MACHINES INC,VINCERX PHARMA INC-AIRSHIP A I HOLDINGS INC
2024-01-01 00:00:00.000000000,0.0,0.0,-0.042614928584075895,0.0,-0.055527285443920826,-0.07617850186386432,0.0,0.0,0.0,-0.02253864929640237,0.0,0.0,0.0,0.0,0.0,0.0,0.0,0.0,0.0,0.0,0.0,0.0,0.0,0.0,0.0,0.0,0.0,0.0,0.0,0.0,0.0,0.0,0.0,0.0,0.0,0.0,0.0,0.0,0.0,0.0,0.0,0.0,0.0,0.0,-0.12329099701286939,0.0,0.0,0.0,0.0,0.0,0.0,0.0,0.0,0.0,0.0,0.0,0.0,0.0,0.0,0.0,0.0,0.0,0.0,0.0,0.0,0.0,0.0,0.0,0.0,0.0,0.0,0.0,0.0,0.0,0.0,0.0,0.0,0.0,0.0,0.0,0.0,0.0,0.0,-0.1303115338809877,0.0,0.0,0.0,0.0,0.0,0.0,0.0,0.0,0.0,0.0,0.0,0.0,0.0,0.0,0.0,0.0,0.0,0.0,0.0,0.0,0.0,0.0,0.0,0.0,0.0,0.0,0.0,0.0,0.0,0.0,0.0,0.0,0.0,0.0,0.0,0.0,0.0,0.0,0.0,0.0,0.0,0.0,0.0,0.0,0.0,0.0,0.0,0.0,0.0,0.0,0.0,0.0,0.0,0.0,0.0,0.0,0.0,0.0,0.0,0.0,0.0,0.0,0.0,0.0,0.0,0.0,0.0,0.0,0.0,0.0,0.0,0.0,0.0,0.0,0.0,0.0,0.0,0.0,0.0,0.0,0.0,0.0,0.0,0.0,0.0,0.0,0.0,0.0,0.0,0.0,0.0,0.0,0.0,0.0,0.0,0.0,0.0,0.0,0.0,0.0,0.0,0.0,0.0,0.0,0.0,0.0,0.0,-0.4852224012390155,-0.4852224012390155,0.0,0.0,0.0,0.0,0.0,0.0,0.0,0.0,0.0,0.0,0.0,0.0,0.0,0.0,0.0,0.0,0.0,0.0,0.0,0.0,0.0,0.0,-0.5222471566503016,0.0,0.0,0.0,0.0,0.0,0.0,-0.6676900880643595,0.0,0.0,0.0,0.0,0.0,0.0,0.0,0.0,0.0,0.0,0.0,0.0,0.0,0.0,0.0,0.0,0.0,0.0,0.0,0.0,0.0,0.0,0.0,0.0,0.0,0.0,0.0,0.0,0.0,0.0,0.0,0.0,0.0,0.0,0.0,0.0,0.0,0.0,0.0,0.0,-0.3900723438243697,0.0,0.0,0.0,0.0,0.0,0.0,0.0,0.0,0.0,0.0,0.0,0.0,0.0,0.0,0.0,0.0,0.0,-1.3795395767242762,-1.3795395767242762,0.0,0.0
2024-01-31 23:59:59.999999999,-0.004153532107463054,-0.004653836411288026,0.0,0.003048497813358475,0.0,0.03539402364725519,-0.002779644973218698,-0.025317388676525887,0.05327640172135584,0.0,-0.0261008867403143,-0.044347846843337146,0.0,0.026643709614258215,0.0,-0.014208252805627763,0.0,0.0,-0.08584638638043729,0.0,0.0,0.0,0.03538574503250502,0.0,0.01359483527205918,0.0,0.02345766071979427,0.0,0.13827236032474244,-0.08229223609711367,0.08074742879484709,-0.04886708455980204,0.0,-0.14193459295170707,0.0,-0.04069126565810932,0.0,0.06401071591059582,-0.05116957045853954,-0.05838896389804393,0.1137208662376119,0.23743999407887206,0.1012864270522078,0.0,0.0,-0.03068187692318536,-0.06465524496536057,-0.01971480691523686,0.0,0.0,0.0,0.027950698893122627,-0.12729087460038135,-0.027501711653406202,0.13648479396440716,0.0,0.0,-0.05933944458891527,-0.00860891251098539,-0.00860891251098539,0.0,0.0,0.0,0.0,-0.07862736002276494,0.0,0.0,0.0,0.0,0.0,0.0,-0.04733165915105442,0.005710749955991412,0.005710749955991412,-0.0718873882718909,0.0,0.0,-0.04324482624443671,0.0,0.0,0.0,-0.07770724198627676,-0.10119670182741913,0.0,-0.037870776760626335,-0.02236927222879359,0.0,0.0,0.0,0.6281052587650027,0.6281052587650027,0.6281052587650027,0.0,0.0,-0.07429902739776284,-0.13711420462181212,-0.13711420462181212,-0.03593605556095625,-0.07241473707373403,0.0,0.0,0.0,0.027150395117682136,0.0,0.0,0.0,-0.17719830196074793,0.0,0.0,0.0,0.0,0.07780466787859885,0.0,0.08420618135494706,0.0,0.0,0.0,-0.00039068592772206756,0.0,-0.10648377146638688,0.0,0.11036261111890067,0.05097470447485164,-0.09508132357548416,0.13390045956129648,0.0,-0.16731311107669344,0.0,0.0,-0.04511584048766726,-0.0017697970499166438,0.019905051336537083,0.01291880459169481,0.0,-0.14258457281578618,-0.13483274120400468,0.0,0.0,-0.16069783082310618,0.0,0.0,0.0,-0.012927450477832059,0.0,-0.17634682087524722,0.0,-0.1356951852171142,-0.13069345721860048,0.0,0.0,0.040966540718298194,0.0,0.18472400235081055,0.0,0.0,-0.18326329901715877,0.0,0.05941517881164815,-0.02852927671997585,0.2849038525447498,-0.02563154794160205,0.0,0.22557128328832032,0.015003011376310882,0.0,0.14692287318837716,-0.12931711127483636,0.0,0.0,0.0,0.0,0.0,0.0,-0.6274191811993572,-0.6274191811993572,0.0,-0.07314795246061512,0.0,0.026762598843345975,0.0,0.0,0.0,0.0,0.0,0.0,-0.10806069167861021,-0.019984664375075845,-0.14916983871909362,0.0,0.0,0.0,0.0,0.0,0.0,0.0,-0.46840280271096124,-0.428624612924533,0.0,0.022266419894071632,0.0,0.0,0.0,0.0,0.0,0.0,0.0,0.032091620510492413,0.032091620510492413,0.032091620510492413,0.032091620510492413,-0.1072782929340006,0.12608642958703986,0.0,0.0,0.0006682504255743904,0.0,-0.02562457874429902,-0.16799076151706793,0.0,0.0,0.09187436314612829,0.10730489199900783,0.0,0.0,0.0,0.0,-0.1093868392437205,0.0,0.16909005965499357,0.0,0.0,0.7451758362002496,0.7451758362002496,0.0,0.0,0.0,0.0,0.0,0.0,0.9337347903633293,0.0,0.0,0.0,0.0,0.0,-0.6832587188797752,0.0,-0.6231153894958654,-0.12750960372841025,0.0,0.0,0.0,0.0,0.1395480365402615,0.0,0.0,-0.45093391358095536,0.7815917346017944,0.0,0.0,0.0,0.0,0.0,0.5628318934226926,0.0,0.243030038603119,-0.48942788536375326,0.0,1.218653168038979,0.0,0.0,-0.693798877831945,-0.2509501487109669,0.0,0.0,1.033322301080189,0.0,-0.137993270759438,0.0,0.0,0.0,-1.6783166001014598,-1.6783166001014598,-0.14837534999805113,0.0
2024-02-01 00:00:00.000000000,0.0,0.0,0.0,0.0,0.0,0.0,0.0,0.0,0.0,-0.16765006175811337,0.0,-0.06535779740113501,0.0,0.0,0.0,0.0,0.0,0.0,0.0,0.0,0.0,0.0,0.0,0.0,0.0,0.0,0.0,0.0,0.0,0.0,0.0,0.0,0.0,0.0,0.0,0.0,0.0,0.0,0.0,0.0,0.0,0.0,0.0,0.0,0.0,0.0,0.0,0.0,0.0,0.0,0.0,0.0,0.0,0.0,0.0,0.0,0.0,0.0,0.0,0.0,0.0,0.0,0.0,0.0,0.0,0.0,0.0,0.0,0.0,0.0,0.0,0.0,0.0,0.0,0.0,0.0,0.0,0.0,0.0,0.0,0.0,0.0,0.0,0.0,0.0,0.0,0.0,0.0,0.0,0.0,0.0,0.0,0.0,0.0,0.0,0.0,0.0,0.0,0.0,0.0,0.0,0.0,0.0,0.0,0.0,0.0,-0.17096006490491067,0.0,0.0,0.0,0.0,0.0,0.0,0.0,0.0,0.0,0.0,0.0,0.0,0.0,0.0,0.0,0.0,0.0,0.0,0.0,0.0,0.0,0.0,0.0,0.0,0.0,0.0,0.0,0.0,-0.25628320425715256,0.0,0.0,0.0,0.0,0.0,0.0,0.0,0.0,0.0,0.0,0.0,0.0,0.0,0.0,0.0,0.0,0.0,0.0,0.0,0.0,0.0,0.0,0.0,0.0,0.0,0.0,0.0,0.0,-0.12560845218680927,0.0,0.0,0.0,0.0,0.0,0.0,0.0,0.0,0.0,0.0,0.0,0.0,0.0,0.0,0.0,0.0,0.0,0.0,0.0,0.0,0.0,0.0,0.0,0.0,0.0,0.0,0.0,0.0,0.0,0.0,0.0,-0.3104232563866379,0.0,0.0,0.0,0.0,0.0,0.0,0.0,0.0,0.0,0.0,0.0,0.0,0.0,0.0,0.0,0.0,0.0,0.0,0.0,0.0,0.0,0.0,0.0,0.0,0.0,0.0,0.0,0.0,0.0,0.0,0.0,0.0,0.0,0.0,0.0,0.0,0.0,0.0,0.0,0.0,0.0,0.0,0.0,-0.07167480274623494,-0.07167480274623494,-0.07167480274623494,-0.07167480274623494,0.0,0.0,0.0,-0.36129567270437957,0.0,0.0,0.0,0.0,0.0,0.0,0.0,0.0,0.0,0.0,0.0,0.0,0.0,0.0,0.0,0.0,0.0,0.0,0.0,0.0,0.0,0.0,0.0,-0.5835524697288816,-0.5221927135735964,0.0,0.0,0.0,0.0,0.0,0.0,0.0,0.0,-1.1247015582289412,-1.1247015582289412,0.0,0.0
2024-02-29 23:59:59.999999999,-0.004789130656594587,-0.0008742140006758881,0.0,-0.001327480910533252,0.0,0.030547785291856977,0.009562224673538733,0.012037401280133198,0.08365810703054777,-0.057845840790369696,0.025788085941177652,0.0,-0.029850351215826132,0.024024088986803527,0.0,-0.03313654185845816,0.0,0.0,-0.11307685815826196,0.0,0.0,0.0,0.01682329487592371,0.0,0.02544498248824656,0.0,-0.09112294938986376,0.0,0.05046147004973567,-0.0882571387525144,-0.049909416889571956,-0.18176465414355425,0.0,-0.15799571271647417,0.0,-0.0873801485330532,0.0,-0.09677813942014568,-0.215586240131177,-0.20590083135295534,0.026772605828958573,0.08310529726922722,0.22711383669858765,0.0,-0.06915961445991159,-0.10196719071462979,-0.077435335230009,-0.21202731963054022,-0.02847088370488282,0.0,0.0,0.07956162856485816,-0.18232655926137276,-0.11085026895869698,0.06927984154310418,-0.1317300633024585,0.0,-0.0644329484682784,0.013985438748869372,0.013985438748869372,0.0,0.0,-0.03972147659208014,0.0,-0.14265029285053488,0.0,0.0,0.0,0.0,0.0,0.0,-0.08928493687675232,-0.09192382753355832,-0.09192382753355832,-0.09854898990957928,-0.1681267576719525,0.0,0.028994201619184867,0.0,0.0,-0.14427452999007917,-0.03349814118198302,0.021584289545417024,0.0,0.026915870557131072,0.08639665603385449,0.0,0.0,-0.10545479629256738,0.2248028108113136,0.2248028108113136,0.2248028108113136,0.0,0.0,-0.003693800191513885,-0.11623549625941698,-0.11623549625941698,-0.11893387673017308,0.0560062825338723,0.0,0.0,0.0,0.17082941969997645,0.0,0.0,0.0,0.0,0.0,0.0,0.0,0.0,0.03935479038390444,0.0,0.002747272876334028,0.0,0.0,-0.26292365926430517,-0.06331208843465341,0.0,-0.01272769540121077,0.0,0.18845769886644947,-0.16850295352460742,-0.07866277223053175,-0.03963374193299618,0.0,-0.34523954249343625,0.0,0.0,-0.20240006416710088,-0.20944600125432844,-0.04459479613771289,-0.18293671119971355,0.0,-0.11358503229771699,0.0,0.0,0.0,-0.3733961733385276,-0.19155966461088214,-0.19155966461088214,0.0,0.11921123735369887,0.0,-0.17601493315030026,-0.15740748689245532,-0.27938987695371953,-0.07559749392614434,-0.21767702256605292,0.0,0.39059458125176194,0.0,0.08664160097733231,0.0,0.0,-0.24966116282200246,0.0,-0.2989959233493753,-0.2026121603697595,0.09455626369180647,0.24629765192995356,0.0,0.24018101910635892,-0.09101163099864418,0.0,0.3371371804790282,-0.04529927063322381,0.0,0.0,0.0,0.0,-0.26155017211920195,0.0,-0.014501989752297995,-0.014501989752297995,0.0,-0.23718517894439128,-0.18154356939486171,0.09532190883298086,0.0,0.0,0.0,0.09450698409924674,0.0,0.0,-0.0335984057992984,-0.08549570773483306,-0.35105814654707435,0.0,0.0,0.0,0.0,0.0,-0.2585592986645493,0.0,-0.5195891046737053,0.0,-0.5821197832144005,-0.23200265969258993,0.0,0.0,0.0,0.0,-0.39642533120433443,-0.8390886747155064,0.0,-0.33780932174418377,-0.33780932174418377,-0.33780932174418377,-0.33780932174418377,-0.6460990809830809,0.1731506178015243,0.0,0.0,-0.13182689303242467,0.0,0.3301399339988913,-0.3321201205857802,0.0,0.0,-0.07581659629198478,-0.06176645945168935,-0.5696777563548141,0.0,0.0,0.0,-0.28046579593417076,-0.5963357997869951,-0.6897754225227692,0.24363891137180937,0.24363891137180937,-0.6660440635029781,-0.6660440635029781,-0.04922223321333785,-0.04922223321333785,-0.04922223321333785,-0.04922223321333785,-0.23522100158979908,0.06714550194738189,0.03950142295004233,-0.05437092669464638,-0.05437092669464638,-0.05437092669464638,-0.05437092669464638,0.32519080808877776,-0.9683566219982178,0.0,0.0,-0.6281554455106688,0.0,0.0,0.0,0.0,0.24359425273516333,0.0,0.0,0.07903312141178098,0.6958434760151395,-0.11177321153818909,-0.11177321153818909,0.0,0.0,0.0,-0.4815249517141118,0.0,-0.021291678761656385,-0.6476234511422012,0.0,-0.3944918664872157,0.0,0.0,-0.8047969179760623,0.3745048642624118,-0.5740737904138178,-0.5740737904138178,1.9289562773074054,0.0,2.189076484977357,0.0,0.0,-0.4288284570281724,0.5666193359585527,0.5666193359585527,1.0870608919069014,1.2010004960977683
2024-03-01 00:00:00.000000000,0.0,0.0,0.0,0.0,0.0,0.0,0.0,0.0,0.0,-0.07047570261751912,0.0,0.0,0.0,0.0,0.0,0.0,0.0,0.0,0.0,0.0,0.0,0.0,0.0,0.0,0.0,0.0,0.0,0.0,0.0,0.0,0.0,0.0,0.0,0.0,0.0,0.0,0.0,0.0,0.0,0.0,0.0,0.0,0.0,0.0,0.0,0.0,0.0,0.0,0.0,0.0,0.0,0.0,0.0,0.0,0.0,0.0,0.0,0.0,0.0,0.0,0.0,0.0,0.0,0.0,0.0,0.0,0.0,0.0,0.0,0.0,0.0,0.0,0.0,0.0,0.0,0.0,0.0,0.0,0.0,0.0,0.0,0.0,0.0,0.0,0.0,0.0,0.0,0.0,0.0,0.0,0.0,0.0,0.0,0.0,0.0,0.0,0.0,0.0,0.0,0.0,0.0,0.0,0.0,0.0,0.0,0.0,-0.14350627090044388,0.0,0.0,0.0,0.0,0.0,0.0,0.0,0.0,0.0,0.0,0.0,0.0,0.0,0.0,0.0,0.0,0.0,0.0,0.0,-0.240979107660781,0.0,0.0,0.0,-0.1446458153079595,0.0,0.0,0.0,0.0,0.0,0.0,0.0,0.0,0.0,0.0,0.0,0.0,0.0,0.0,0.0,0.0,0.0,0.0,0.0,0.0,0.0,0.0,0.0,0.0,0.0,0.0,0.0,0.0,0.0,0.0,0.0,0.0,0.0,0.0,0.0,0.0,0.0,0.0,0.0,0.0,0.0,0.0,0.0,0.0,0.0,0.0,0.0,0.0,0.0,0.0,0.0,0.0,0.0,0.0,0.0,0.0,0.0,0.0,0.0,0.0,0.0,0.0,0.0,0.0,0.0,0.0,0.0,0.0,0.0,0.0,0.0,0.0,-0.48969637589048787,0.0,0.0,0.0,0.0,0.0,0.0,0.0,0.0,0.0,0.0,0.0,0.0,0.0,-0.46046011315916147,0.0,0.0,0.0,0.0,-0.3606188264694131,0.0,0.0,0.0,0.0,0.0,0.0,0.0,0.0,0.0,0.0,-0.02738607931224646,-0.02738607931224646,-0.02738607931224646,-0.02738607931224646,-0.5657409438229943,0.0,0.0,-0.29957616955270516,-0.29957616955270516,-0.29957616955270516,-0.29957616955270516,0.0,0.0,0.0,-0.3667881491064173,0.0,0.0,0.0,0.0,0.0,0.0,0.0,0.0,0.0,0.0,-0.7282945117199421,-0.7282945117199421,0.0,0.0,0.0,0.0,0.0,0.0,0.0,0.0,0.0,0.0,0.0,-1.4312369823914182,0.0,0.0,0.0,0.0,0.0,0.0,0.0,0.0,0.0,0.0,0.0,0.0,0.0
2024-03-31 23:59:59.999999999,-0.011178714318222482,0.005902496813852132,-0.016450925150041762,-0.0027491977739864115,0.0,0.014426963465594245,0.009521592734037299,-0.010675118481825896,0.02405844174642935,-0.031951987678141336,0.02362504153501499,0.0,-0.0025817484634083065,0.04709366313335206,0.0,0.002321141844509045,0.0,0.0,-0.0787366216169576,-0.09312896708796625,0.0,0.0,-0.048015518819558345,0.0,0.0030130770048215627,0.0,0.008821695716338729,0.0,0.14099479566509765,-0.1620325031437515,0.03373519076878617,-0.11464265008247354,0.0,-0.13258378677678695,-0.04857656296238044,-0.010186936650484313,0.0,-0.07751238215408063,-0.11162724669554791,-0.12489885892597341,0.04103470261392261,0.09091977626888736,-0.08798244419707757,0.0,-0.08248182891606026,-0.1670412034516222,0.0646259639934823,-0.12163907421679143,0.01073252172137562,0.0,0.019340802763436526,0.12465632009506367,-0.12454010840936602,-0.10958639887162391,0.045697986420169645,-0.24082463029240397,0.0,-0.02716399309287465,0.10932228047767545,0.10932228047767545,0.0,0.0,-0.06053041207980048,0.0,-0.10962585968133975,0.0,0.0,0.0,0.0,0.0,0.0,0.050411322872256026,0.05747520577910681,0.05747520577910681,-0.09052776535697382,-0.2874428522617305,0.0,-0.01176542656610291,0.0,-0.05043078509220478,-0.022849317231530275,-0.09139484323949154,0.032203664364319984,0.0,-0.09263869137329772,0.05760363782055444,0.0,0.0,-0.08926260241604611,0.10964779565781857,0.10964779565781857,0.10964779565781857,0.0,0.0,-0.11472267684594217,0.0019376511909150462,0.0019376511909150462,-0.09180282218790592,0.0761107575421347,0.0,0.0,-0.04037935894415834,0.17498533207458822,0.0,0.0,0.0,0.0,0.0,0.0,0.0,0.0,-0.22020270425536603,0.0,-0.28830062640905774,-0.2266883617138895,0.0,-0.37349759209688704,0.00800937371439181,0.0,-0.010732590023761368,0.0,0.15783758298124417,-0.17078908516911184,-0.02869225957249677,-0.0029262232617106587,0.0,0.0,0.0,0.0,0.11496590708040477,0.0,-0.19620342716144412,-0.21793188995031132,-0.12033540215187344,0.017567164050098727,0.0,0.0,0.0,-0.25887587829148107,-0.17797239329334302,-0.17797239329334302,0.0,0.4897213407528944,0.0,-0.01224862583040398,-0.24403736162131606,-0.34812531412052383,-0.20116864815066626,-0.3442289791562134,0.0,-0.10608377485019393,0.0,-0.07768246411385626,0.0,0.0,-0.2175520663833137,0.0,-0.3733250728741839,-0.12460207095310949,-0.10693807388170828,0.2938039729458466,0.0,-0.04003945527853103,-0.14445638126446614,0.0,0.2586642415210785,0.17213205524248187,0.0,0.0,-0.12835085644801447,0.0,-0.1107408766298612,-0.13755287750307077,-0.29403491984361585,-0.29403491984361585,-0.03995307433893758,-0.16505385031632325,-0.19100283535062812,0.20876737318602157,0.0,0.0,0.0,-0.17829495336357848,0.0,0.0,0.02734646047281486,0.22970640239018758,0.06995263166093557,0.0,0.0,0.0,0.0,0.0,0.06255075322014636,0.0,-0.21400633366349964,0.2053185860019302,-0.7351681976569941,-0.2817109902311281,0.0,0.0,0.0,0.0,0.0,-0.11171046870990131,0.0,-0.004850892692153108,-0.004850892692153108,-0.004850892692153108,-0.004850892692153108,-0.510645554196618,0.21802948813366885,0.0,0.0,-0.3019023206104521,0.0,0.32945315864012703,0.0,0.0,0.0,-0.041122956955937706,-0.26430899096865734,0.0,0.0,0.0,0.0,-0.32600383020046997,-0.04182489859765903,-0.4408028837693796,-0.40946541146807225,-0.40946541146807225,-0.391384263895568,-0.391384263895568,0.0,0.0,0.0,0.0,-0.40603988375359457,0.38046876597440926,-0.2069298048635957,0.0,0.0,0.0,0.0,-0.48501706070165973,-0.7691796248188945,-0.2537315418097794,0.0,-0.8148973949570597,0.0,0.0,0.0,0.0,0.13026977345578805,0.0,0.0,0.17099749071459192,0.5132118490972004,0.0,0.0,0.0,0.0,0.0,1.3931910330337667,0.0,-0.23269956161933547,-1.2010507928264798,0.0,-0.30845111406625403,-1.5669716966911316,0.0,0.0,-0.7657656224195786,-0.9255086212542858,-0.9255086212542858,1.3052685501251453,0.5543780566162373,1.675653281127713,0.0,0.0,0.7136731077455605,0.24526549089660588,0.24526549089660588,0.6207714311191088,2.6370467713479635
2024-04-01 00:00:00.000000000,0.0,0.0,0.0,0.0,0.0,0.0,0.0,0.0,0.0,-0.03136532438209261,0.0,0.0,0.0,0.0,0.0,0.0,0.0,0.0,0.0,0.0,0.0,0.0,0.0,0.0,0.0,0.0,0.0,0.0,0.0,0.0,0.0,0.0,0.0,0.0,0.0,0.0,0.0,0.0,0.0,0.0,0.0,0.0,0.0,0.0,0.0,0.0,0.0,0.0,0.0,0.0,0.0,0.0,0.0,0.0,0.0,0.0,0.0,0.0,0.0,0.0,0.0,0.0,0.0,0.0,0.0,0.0,0.0,0.0,0.0,0.0,0.0,0.0,0.0,0.0,0.0,-0.17919173067197902,0.0,0.0,0.0,0.0,0.0,0.0,0.0,0.0,0.0,0.0,0.0,0.0,-0.16097033056419396,0.0,0.0,0.0,0.0,0.0,0.0,0.0,0.0,0.0,0.0,0.0,0.0,0.0,0.0,0.0,0.0,0.0,0.0,0.0,0.0,0.0,0.0,0.0,0.0,0.0,-0.20285644015051185,0.0,0.0,0.0,0.0,0.0,0.0,0.0,0.0,0.0,0.0,0.0,0.0,0.0,0.0,0.0,0.0,0.0,0.0,0.0,0.0,0.0,0.0,0.0,0.0,0.0,0.0,0.0,0.0,0.0,0.0,-0.2803285543495395,-0.2523750240231053,0.0,-0.23217717883191258,0.0,0.0,0.0,0.0,0.0,0.0,0.0,0.0,0.0,0.0,0.0,0.0,0.0,0.0,0.0,0.0,0.0,0.0,0.0,0.0,0.0,0.0,0.0,-0.2553221585540857,0.0,0.0,0.0,0.0,-0.16416622541502135,0.0,0.0,0.0,0.0,-0.22435671115761346,0.0,0.0,0.0,0.0,0.0,0.0,0.0,0.0,0.0,0.0,0.0,0.0,0.0,0.0,0.0,0.0,0.0,0.0,0.0,0.0,0.0,0.0,0.0,0.0,0.0,0.0,0.0,-0.7172610625562108,0.0,0.0,0.0,0.0,0.0,0.0,0.0,0.0,0.0,0.0,0.0,0.0,0.0,0.0,0.0,0.0,0.0,0.0,0.0,0.0,0.0,0.0,0.0,0.0,0.0,0.0,-0.9296476062839953,0.0,0.0,-0.08354667223492218,-0.08354667223492218,-0.08354667223492218,-0.08354667223492218,0.0,0.0,-0.6567151519341855,0.0,0.0,0.0,0.0,0.0,0.0,0.0,0.0,0.0,0.0,0.0,0.0,0.0,0.0,0.0,0.0,0.0,0.0,0.0,0.0,0.0,0.0,0.0,0.0,0.0,-0.5540141047368634,-0.6792026419486745,-0.6792026419486745,0.0,0.0,0.0,0.0,0.0,0.0,0.0,0.0,0.0,-2.390921102971661
2024-04-30 23:59:59.999999999,-0.01659198932451611,0.013692854043197311,-0.024417570682628842,0.018483619900296455,-0.015877568845338974,0.010463868997703685,0.03916338787219664,-0.06497591613318021,0.019011313498042304,0.0,-0.04427159515409662,0.0,-0.05322853896795254,0.006406200315445032,0.0,0.021930082129349993,-0.10228318636913092,-0.10228318636913092,-0.07510670375459783,0.09324131885563913,0.0,-0.014234215407707973,0.021748553797071635,0.0,0.011092774894262414,0.0,-0.032198815940770675,0.0,-0.014075918335130222,-0.2537715613512206,-0.14604841408434965,-0.1305986961344754,0.0,-0.15187485132280254,-0.16579044367755902,-0.15325152878282622,0.0,-0.10479608649506988,-0.11288425362806542,-0.14445368515174994,-0.18922274118336624,-0.018779511464781518,-0.08563279912469657,0.0,0.09652987347369413,-0.013585140060582868,-0.12940624318471783,-0.17276903152886347,-0.15121778534172892,0.0338488521076723,-0.011028768631315966,-0.06519163974813713,-0.007813412766923822,-0.10180538240236192,0.022365675636396576,-0.2432110844518094,0.0,-0.042984243232114805,-0.021905670646276354,-0.021905670646276354,0.0,0.0,-0.07940544688292728,0.0,-0.09446397446346122,0.0,0.0,0.0,0.0,0.0,-0.05136264734379958,0.003619135816508967,0.06736621243803409,0.06736621243803409,-0.18152513262872882,0.0,0.0,-0.21959457843459074,0.0,0.009067696595538521,-0.13078982259601335,-0.14744411054687112,0.21572648131994265,0.0,0.004201356980030546,0.1342834410967868,0.0,0.0,0.0,-0.03639600782059249,-0.03639600782059249,-0.03639600782059249,0.0,0.0,-0.2607219263040077,-0.20061451148078957,-0.20061451148078957,-0.14353395586797824,0.30955373499465644,0.0,0.0,-0.11431504053012587,0.14995401452934987,0.0,0.0,0.0,0.0,0.0,0.0,0.0,0.0,-0.1801878209215153,0.0,-0.2505294677999086,0.0,0.0,0.11273505329303601,-0.010584537665094151,0.0,-0.0060999039592282145,0.0,0.0680134801097545,-0.23300027675356705,-0.02958576118799705,0.042181901413056444,0.0,0.0,0.0,0.0,0.0949774922484723,0.0,-0.06946656260937267,-0.15685990784196013,-0.03393408097280215,-0.2919407239957519,0.0,0.0,-0.08283051712482403,-0.007278978114458656,-0.32046615797299016,-0.32046615797299016,0.0,0.050970770135080334,0.0,-0.01097042808684301,0.0,0.0,-0.15394404040905507,0.0,-0.007104205733102775,0.06023894275840447,0.0,0.10185643740640438,0.15191325982098025,-0.16125870664200215,0.222178881906818,0.0,-0.3185103279487831,-0.023430899498835034,0.13845688123752553,0.4314094978442746,0.0,0.08473869344749763,-0.019993666370932583,0.0,-0.19939579853046108,0.22580798233821797,0.0,0.0,-0.18481923835373348,-0.14442585376861028,-0.3084980455074009,0.0,-0.09597619107477895,-0.09597619107477895,-0.44840163458749127,-0.3814157970148788,0.0,0.0086722625174398,0.0,0.0,0.0,0.0,0.0,0.0,0.20423002269901946,-0.15141810101313058,-0.20190290426182989,0.0,0.0,0.0,0.0,0.0,-0.04055096420908999,0.0,-0.039215770085814894,0.37373311290923117,-1.1085679972433027,-0.4882497607358869,-0.07381894700662794,0.0,0.0,0.0,0.0,-0.8082527623259097,0.0,-0.33545348915729867,-0.33545348915729867,-0.33545348915729867,-0.33545348915729867,0.0,0.3271199458105898,0.0,0.0,-0.3998710376248913,0.0,-0.18875379017689675,0.0,0.0,0.0,-0.03857839740109559,0.0627620505787474,0.0,0.0,-0.36264015215912715,0.0,-0.07378029072975578,-0.44370927435123786,0.21825034625115247,-0.5293243889967978,-0.5293243889967978,-0.4489096312211984,-0.4489096312211984,0.002716699778908538,0.002716699778908538,0.002716699778908538,0.002716699778908538,0.0,0.1676119960728344,-0.3504000400601739,0.13447288197547969,0.13447288197547969,0.13447288197547969,0.13447288197547969,-0.18033562578691553,-1.268689904526654,0.0,0.0,-1.2344329457496261,0.0,0.0,0.0,0.0,-0.08308068466363583,0.16859938727172308,-0.04044854613154514,0.38725467101085576,-0.23802150523587762,0.0,0.0,-1.1061642685022322,0.1639626768179394,0.1639626768179394,-0.18968338622899283,0.0,0.14928653040241513,-0.6539364650725066,0.0,0.6972704316877221,-2.019843146784206,0.0,0.0,0.0,0.0,0.0,1.9444808113543859,0.9464465183831638,-0.17631189524067015,0.0,0.0,-0.3012088717867565,0.22847089077073157,0.22847089077073157,-0.35768438617624554,-0.18521674061707838
2024-05-01 00:00:00.000000000,0.0,0.0,-0.020896462942249006,0.0,0.0,0.0,-0.017867731957724065,0.0,0.0,-0.0617235174584545,0.0,0.0,0.0,0.0,0.0,0.0,0.0,0.0,0.0,0.0,0.0,0.0,0.0,0.0,0.0,0.0,0.0,0.0,0.0,0.0,0.0,0.0,0.0,0.0,-0.12514438562892316,0.0,0.0,0.0,0.0,0.0,0.0,0.0,0.0,0.0,0.0,0.0,0.0,0.0,-0.10131175660484926,0.0,0.0,0.0,0.0,-0.10682050173350877,0.0,0.0,0.0,0.0,0.0,0.0,0.0,0.0,0.0,0.0,0.0,0.0,0.0,0.0,0.0,0.0,0.0,0.0,0.0,0.0,0.0,0.0,0.0,0.0,0.0,0.0,-0.16635573004078574,0.0,0.0,0.0,0.0,0.0,0.0,0.0,0.0,0.0,0.0,0.0,0.0,0.0,0.0,0.0,0.0,0.0,0.0,0.0,0.0,0.0,0.0,0.0,0.0,0.0,0.0,0.0,0.0,0.0,0.0,0.0,0.0,0.0,0.0,0.0,0.0,0.0,0.0,0.0,0.0,0.0,-0.18234516682228497,0.0,0.0,0.0,0.0,0.0,0.0,0.0,0.0,0.0,0.0,0.0,0.0,0.0,0.0,0.0,0.0,0.0,0.0,0.0,0.0,0.0,0.0,0.0,0.0,0.0,0.0,0.0,0.0,0.0,0.0,0.0,0.0,0.0,0.0,0.0,0.0,0.0,0.0,0.0,0.0,0.0,0.0,0.0,0.0,0.0,0.0,0.0,0.0,0.0,0.0,0.0,0.0,0.0,0.0,0.0,0.0,0.0,0.0,0.0,0.0,0.0,0.0,0.0,0.0,0.0,0.0,0.0,0.0,0.0,0.0,0.0,0.0,0.0,0.0,0.0,0.0,-0.22370162704779095,0.0,0.0,0.0,0.0,0.0,0.0,0.0,0.0,0.0,0.0,0.0,0.0,0.0,0.0,-0.42181137036258054,0.0,0.0,0.0,0.0,0.0,0.0,0.0,0.0,0.0,0.0,0.0,0.0,0.0,0.0,0.0,0.0,0.0,0.0,0.0,0.0,0.0,0.0,0.0,0.0,0.0,0.0,0.0,0.0,0.0,0.0,0.0,0.0,0.0,0.0,0.0,0.0,0.0,0.0,-0.4658744141496294,0.0,-0.23126025989576626,0.0,-0.4184821473675968,0.0,0.0,0.0,0.0,0.0,-0.6509708114474109,0.0,0.0,0.0,0.0,0.0,0.0,0.0,0.0,0.0,-0.9678033934397808,-0.9678033934397808,0.0,0.0,0.0,0.0,0.0,0.0,0.0,0.0,0.0,0.0
2024-05-31 23:59:59.999999999,-0.0045451165693140005,0.017630749976651927,0.0,0.013210690585946816,-0.014454248306148276,0.00562574586292186,0.0,-0.02167749611452563,0.037281382589555045,0.008426100483300836,-0.037219775919913545,0.0,-0.11537940417524384,-0.006797267503267035,-0.015463179548006023,0.04140491900643073,-0.0460810687223423,-0.0460810687223423,-0.07502297477378561,0.06452575712107911,0.0,0.01923393166868248,-0.008174347414288796,0.0,-0.05997382114059158,0.0,0.0473767444826636,0.0,-0.048625280324128495,-0.1201615862712524,-0.025665418928688455,-0.14057463878573806,0.0,-0.172564085527531,0.0,-0.045477327707717174,0.0,-0.07179709893158814,-0.11492224103197013,-0.2376739402225856,-0.13393963374593754,-0.009235137528879944,0.25121192088700117,0.0,-0.15431434629179375,-0.02909251489862341,-0.18196826555580725,-0.14624402890980837,0.0,-0.09092795534761922,-0.04753358269742769,-0.08946496901663425,-0.04660748668635373,0.0,-0.00976713576563637,-0.1881085475376416,-0.0975778935235363,-0.09494178308000811,0.06846607515997483,0.06846607515997483,0.0,0.0,-0.16355178904606138,0.0,0.1167915368115322,0.0,0.0,0.0,0.0,-0.03056241860030906,-0.10282535587914099,-0.04660175186152138,0.03602032715183756,0.03602032715183756,-0.022793009481982374,0.0,0.0,-0.21559152036556983,0.004927467641197669,0.022524180237337266,0.0,-0.10655518978024037,0.17814959780810002,0.0,0.03646455085644851,0.0497347060097153,0.0,0.0,0.0,0.030984341052989972,0.030984341052989972,0.030984341052989972,0.0,0.0,-0.22267914294668079,-0.14962351374733784,-0.14962351374733784,-0.324127795882172,0.17421548562396372,-0.1668304972785224,0.0,-0.23249157503235307,0.0018153045982214344,0.0,0.0,0.0,0.0,0.0,0.0,-0.33826404047313696,0.0,-0.10042181655537852,0.0,-0.24638232010375716,0.0,0.0,-0.14556687928704015,0.03693929577023236,-0.05598382647407485,0.06420922597439516,0.0,0.12377551613261839,0.0,-0.03405528634342714,-0.03532667750066332,0.0,0.0,0.0,0.0,-0.038558348936139186,0.0,-0.12172750494491091,-0.14403089266722513,-0.0002776151278047756,-0.07634007166302692,0.0,0.0,-0.04007017355578735,-0.07549668664665798,-0.356195352928822,-0.356195352928822,0.0,0.05156044876538135,0.0,0.04826068121730409,0.0,0.0,0.06276241628138401,0.0,-0.22770288203111,0.1516402765098872,0.0,0.07773078638366471,-0.03679919252801511,-0.42417862559630115,0.1201700080743644,0.0,-0.17999055255538154,0.1499745771873835,0.0023310978941144533,0.12714099375521926,-0.3431862228764535,-0.24442403443188931,-0.14002573611897584,0.0,-0.0752549312803199,-0.19931322330499346,0.0,0.0,-0.465080758809328,-0.22440531828071464,-0.44619200763409483,0.0,-0.1355504756551984,-0.1355504756551984,-0.683020593592603,0.23754179436428813,0.0,-0.060127793159371334,0.0,0.0,0.0,0.0,0.0,-0.588022964176816,0.25953121271635937,0.10106389957405337,0.09585574966373844,-0.03863838697859068,0.0,0.0,0.0,0.0,-0.3083598623896433,-0.1454977682675651,-0.08614915756322516,0.293178514618174,-1.2343910266694462,-0.09587757910858619,0.0,0.0,0.0,0.0,0.0,-0.22826680596831816,0.0,-0.13265683746353285,-0.13265683746353285,-0.13265683746353285,-0.13265683746353285,0.0,0.22592274627676012,0.0,0.0,0.0,0.0,-0.2622804597479862,0.0,0.0,0.0,-0.3229733894254787,-0.06523697605131207,0.0,0.0,-0.3740818226781024,0.11700716726917726,-0.5990830843319384,-0.42155405607996843,-0.036015883247559444,-0.48302440698500293,-0.48302440698500293,-0.20760908612368212,-0.20760908612368212,-0.022276723536144072,-0.022276723536144072,-0.022276723536144072,-0.022276723536144072,0.0,-0.13714562042949208,-0.412972364381718,0.2735729897533312,0.2735729897533312,0.2735729897533312,0.2735729897533312,-0.7631342198845172,-0.8179917421787055,0.0,0.11570267240104215,-0.7547323556715386,0.05399465160544148,0.05399465160544148,-0.0981823442626042,0.0,-0.14671357896498272,-0.273428916092219,-0.20992866702523427,-0.30598403355027814,0.0,0.0,0.0,-1.3864514536931338,0.053755739631908606,0.053755739631908606,0.0,0.0,2.0275814349861165,-0.8895316390173016,0.0,0.8362937095835892,-2.296155534069587,0.0,0.0,1.324583488642646,-0.6557007077472381,-0.6557007077472381,-0.5741742242160965,-0.11649791451419622,-0.06031332036605486,0.0,0.0,0.1203894586044596,0.8542436287085939,0.8542436287085939,-0.6972958494634871,-1.1039865928724761
2024-06-01 00:00:00.000000000,0.0,0.0,-0.020326301952481307,-0.025439417051581814,0.0,0.0,0.0,0.0,0.0,-0.17468529536588906,0.0,0.0,0.0,0.0,0.0,-0.07305599068758883,0.0,0.0,0.0,0.0,0.0,0.0,0.0,0.0,0.0,0.0,0.0,0.0,0.0,0.0,0.0,0.0,0.0,0.0,0.0,0.0,0.0,0.0,0.0,0.0,0.0,0.0,0.0,0.0,0.0,0.0,0.0,0.0,0.0,0.0,0.0,0.0,0.0,0.0,0.0,0.0,0.0,0.0,0.0,0.0,0.0,0.0,0.0,0.0,0.0,0.0,0.0,0.0,0.0,0.0,-0.11791998464869835,0.0,0.0,0.0,0.0,0.0,0.0,0.0,0.0,0.0,0.0,0.0,0.0,0.0,0.0,0.0,0.0,0.0,0.0,0.0,0.0,0.0,0.0,0.0,0.0,0.0,0.0,0.0,0.0,0.0,0.0,0.0,0.0,0.0,0.0,0.0,0.0,0.0,0.0,0.0,0.0,0.0,0.0,0.0,0.0,0.0,0.0,0.0,0.0,0.0,0.0,0.0,0.0,0.0,0.0,0.0,0.0,0.0,0.0,0.0,0.0,0.0,0.0,0.0,0.0,0.0,0.0,0.0,0.0,0.0,0.0,0.0,0.0,0.0,0.0,0.0,0.0,0.0,0.0,-0.18250779568286457,0.0,0.0,0.0,0.0,0.0,0.0,0.0,0.0,0.0,0.0,0.0,0.0,0.0,0.0,0.0,0.0,0.0,0.0,0.0,0.0,0.0,0.0,0.0,0.0,0.0,0.0,0.0,0.0,-0.28324386215582753,0.0,0.0,0.0,0.0,0.0,-0.36452222556495417,0.0,0.0,0.0,0.0,0.0,0.0,0.0,0.0,0.0,0.0,0.0,0.0,0.0,0.0,0.0,0.0,0.0,0.0,0.0,0.0,0.0,0.0,0.0,0.0,0.0,0.0,0.0,0.0,0.0,0.0,0.0,0.0,0.0,0.0,0.0,0.0,0.0,0.0,0.0,0.0,0.0,0.0,0.0,0.0,0.0,0.0,0.0,0.0,0.0,0.0,0.0,0.0,0.0,0.0,0.0,0.0,0.0,0.0,0.0,0.0,0.0,0.0,0.0,0.0,0.0,0.0,0.0,0.0,-0.32684047109759673,0.0,-0.7321230226027657,0.0,0.0,0.0,0.0,0.0,0.0,0.0,0.0,0.0,0.0,0.0,0.0,0.0,0.0,0.0,0.0,0.0,0.0,0.0,0.0,0.0,0.0,0.0,0.0,0.0,0.0,0.0,-1.1024340707569313,0.0
2024-06-30 23:59:59.999999999,-0.00023211563813907432,0.016755320284034703,0.0,-0.008488092370849909,-0.013478411837465565,0.003656721013278297,0.0,0.0017341047731134207,0.08581061140308655,0.0,0.016990068660855062,0.0,-0.0901017976540448,0.013078144955106952,0.003106521467072465,0.0,-0.07196754180863363,-0.07196754180863363,-0.11104591871573843,-0.047174652746104995,0.0,0.008244452317670792,-0.017353002797713124,0.0,-0.05265705849152602,0.0,0.02106470495280255,0.0,-0.14543521892725897,-0.1482389725121831,-0.07613927056669678,-0.13107054861868406,-0.11224119593240323,-0.10766373150462694,0.0,-0.0655680031216288,0.0,-0.2638707062877932,-0.06770054499688238,-0.1341021045912929,-0.05750717382021908,-0.01848836195706216,0.27729306893046957,0.0,-0.06532373614700937,-0.03985439772867072,-0.19085767659565533,-0.028147420188649352,0.0,-0.1581990802479727,0.005973752076072536,-0.1526226730482061,-0.10012384016856468,0.0,0.0054700936223548435,-0.18160009541872202,-0.13837479658642082,-0.1441971465158698,0.11512726966340958,0.11512726966340958,-0.07647039412976442,0.0,-0.27109578140987756,0.0,0.11784269528140978,0.0,0.0,0.0,0.0,-0.3680071484783416,0.0,-0.05235348850508026,-0.037704813582726704,-0.037704813582726704,-0.010978273168287256,0.0,0.0,-0.23079927517002297,-0.18300548365376645,0.022392935714320883,0.0,-0.06982057377199857,0.023971369445452417,0.0,0.055422780336035427,0.10030811731892508,0.0,0.0,0.0,0.02660514742924258,0.02660514742924258,0.02660514742924258,0.0,0.0,-0.15886592637063024,-0.12458047827661423,-0.12458047827661423,-0.42351891725328006,0.11896889010820466,-0.26673988271724314,0.0,-0.2834704339260554,0.056912583652608095,0.0,0.0,0.0,-0.05748367186359582,0.0,0.0,-0.199136089233805,0.0,0.0018146913082961458,0.0,-0.1534413012230429,0.0,0.0,0.013891800557714884,0.009372241107326484,-0.19874455339486996,0.1029069887530718,0.0,0.17010950215878062,0.0,-0.024261380356953355,0.02157436569752913,0.0,0.0,0.0,0.0,-0.051183093708560445,-0.028617157307469165,-0.24679579826043962,-0.06008718504541921,-0.08789867632642356,-0.157069664954683,0.0,0.0,-0.1846257813905403,-0.2012343103768024,-0.3785043618976094,-0.3785043618976094,0.0,-0.06396638898597384,0.0,0.0764768933607578,-0.24257014789578335,0.0,-0.12791158368662559,0.0,0.0,0.1714115126143192,0.0,-0.003023638408444773,-0.10762888719803354,-0.19611302283724563,0.05316529194957709,0.0,-0.22103297075227912,0.04261489029177623,0.07286930445875006,0.0038965734532503404,-0.2646952276625565,-0.1271325823180809,0.036223778298913434,0.0,0.028082714681414656,-0.14554467786636427,0.0,-0.11601533730727143,-0.46269799695750313,-0.15531246282867128,-0.3521123578134808,0.0,-0.03782590069434821,-0.03782590069434821,-0.6236763246686092,0.18251715337632435,0.0,0.0,0.0,0.0,-0.011417287465407489,0.0,0.0,0.0,0.2534607007042402,0.5242036147974494,-0.5775136473818334,-0.48569568278875863,0.0,0.0,0.0,0.0,-0.21190327508994677,-0.5197526697792021,-0.3442165978684757,0.2001493921414308,-1.1372785824933798,-0.12324305996352725,0.0,0.005721900015787096,0.005721900015787096,0.005721900015787096,0.0,-0.6500057913828523,0.0,-0.1752094009247649,-0.1752094009247649,-0.1752094009247649,-0.1752094009247649,0.0,0.3420314506335085,0.0,0.0,-0.6923625182908206,0.0,-0.04744808677409962,0.004819920294422353,0.0,0.0,-0.07011003755653533,-0.5586067150391012,0.0,0.0,-0.5416171886653007,-0.6587910876867009,-0.2667136088693818,-0.35570883874837667,-0.24304934407426293,-0.7559877878129191,-0.7559877878129191,0.07183945416730242,0.07183945416730242,1.733461704501304,1.733461704501304,1.733461704501304,1.733461704501304,0.0,-0.03237843106655358,-0.679718952781244,-0.3167588085474218,-0.3167588085474218,-0.3167588085474218,-0.3167588085474218,-0.288475816381188,-1.0450167007326239,0.0,0.4630378723431572,-0.6607124954736814,-0.11413231657364742,-0.11413231657364742,-0.21212783349170716,-0.44679694099025724,0.0,-0.14206767864569514,0.0,0.08199271524731877,-0.5516377771485961,0.0,0.0,-1.4889699283904934,0.03477889800879108,0.03477889800879108,0.17025117506731124,0.0,0.8282239728407381,-0.9921692681819898,0.0,0.6772148101865068,-2.4914667546109177,0.0,0.24934564778922574,0.9004725362540307,-0.6380413428852723,-0.6380413428852723,0.8050223182715861,-0.011298345299810553,-0.2664059349210868,0.0,0.0,-0.39743512263428826,1.895293873227975,1.895293873227975,0.0,-1.6348312297485654
2024-07-01 00:00:00.000000000,0.0,0.0,0.0,-0.018081101466826288,-0.018935146929412117,0.0,0.0,0.0,0.0,0.0,0.0,0.0,0.0,0.0,0.0,-0.1600109877834932,0.0,0.0,0.0,0.0,0.0,0.0,0.0,0.0,0.0,0.0,0.0,0.0,0.0,0.0,0.0,0.0,0.0,0.0,0.0,0.0,-0.08856139048986611,0.0,0.0,0.0,0.0,0.0,0.0,0.0,0.0,0.0,0.0,0.0,0.0,0.0,-0.12883209375995885,0.0,0.0,0.0,0.0,0.0,0.0,0.0,0.0,0.0,0.0,0.0,0.0,0.0,0.0,0.0,0.0,0.0,0.0,0.0,0.0,0.0,0.0,0.0,0.0,0.0,0.0,0.0,0.0,-0.10418358932693639,0.0,0.0,0.0,0.0,0.0,0.0,0.0,0.0,0.0,0.0,0.0,0.0,0.0,0.0,0.0,0.0,0.0,0.0,0.0,0.0,0.0,0.0,0.0,0.0,0.0,0.0,-0.1435641103714671,0.0,-0.12357300475861388,0.0,0.0,0.0,0.0,0.0,0.0,0.0,0.0,0.0,-0.10632553106524334,0.0,-0.18951583604758104,0.0,0.0,0.0,0.0,0.0,0.0,0.0,0.0,0.0,-0.22840004112479995,0.0,0.0,0.0,0.0,0.0,0.0,0.0,0.0,0.0,0.0,0.0,0.0,0.0,0.0,0.0,0.0,0.0,0.0,0.0,0.0,0.0,0.0,-0.16553140810083233,0.0,0.0,0.0,-0.29798809538725335,0.0,0.0,0.0,-0.2236552922168169,0.0,0.0,-0.1416991607041478,0.0,0.0,0.0,-0.10790558649527471,-0.30711034176012075,0.0,0.0,0.0,0.0,0.0,0.0,0.0,0.0,0.0,0.0,0.0,0.0,0.0,0.0,0.0,0.0,0.0,0.0,0.0,0.0,0.0,0.0,0.0,0.0,0.0,0.0,0.0,0.0,0.0,0.0,0.0,0.0,0.0,0.0,0.0,0.0,0.0,0.0,0.0,0.0,0.0,0.0,0.0,0.0,-0.4274850611714799,0.0,0.0,0.0,0.0,0.0,0.0,0.0,0.0,0.0,0.0,0.0,0.0,0.0,0.0,0.0,0.0,0.0,0.0,0.0,0.0,0.0,0.0,0.0,0.0,0.0,0.0,0.0,0.0,0.0,0.0,0.0,0.0,0.0,0.0,0.0,0.0,0.0,0.0,-0.4749244318421595,-0.8749445688493342,-0.3187582452942166,0.0,0.0,0.0,0.0,-0.8734367541586678,0.0,0.0,0.0,0.0,0.0,0.0,0.0,0.0,-1.4886941107444205,0.0,0.0,-0.5141899399170131,0.0,0.0,0.0,0.0,0.0,0.0,0.0,0.0,0.0,0.0,0.0,0.0
2024-07-31 23:59:59.999999999,-0.033710511172982294,-0.0018437753704416693,0.0,0.006665742300240751,0.0,0.0007157537794824087,0.0,-0.05806164673683356,-0.025606649362698963,0.0,0.07130084614147991,0.0037763530479200114,-0.1487500889822344,-0.04181788074201598,-0.11821667835267013,-0.025167088415256167,-0.04803498181177712,-0.04803498181177712,-0.06483844482452361,-0.14561313140709697,-0.20139201100710613,-0.005100391333903165,-0.08798563033499418,0.0,-0.11606637891945959,0.0,-0.09284451167902219,-0.0879113528701303,-0.043138369955565414,-0.21763528208564464,0.0071443513485229815,-0.1690716337709297,-0.03693775369456809,-0.2406253604634785,0.0,0.08552778655780902,0.0,-0.17731998971850071,-0.053792742795989,-0.06639254074154799,0.09905401025089877,0.03842543642152818,-0.2489542419994355,-0.1819521432048834,0.11305446008099329,-0.23111080725025324,-0.04184063878966926,-0.06926666858108721,-0.12728254445454912,-0.04633768566550711,0.0,-0.12380913312210295,-0.01455142103142304,0.0,0.13386922464734075,-0.13479755800242255,-0.12961607024446375,-0.15148063503526155,-0.07117184339126337,-0.07117184339126337,-0.10019419842399513,-0.04471429250950365,-0.11166984327004581,0.0,0.057015994638589085,0.0,-0.011205734644410548,-0.02742528781300413,0.0,0.017513929307614307,-0.10615796748429451,-0.06671668368595363,0.014272263712471034,0.014272263712471034,-0.0032775048545785612,0.0,-0.2710878401568333,-0.27714197093370063,-0.02628086554179232,0.0,0.0,-0.2843060722201718,0.07973642262898295,-0.12314816089917446,0.04007965163655802,-0.014476337960974472,-0.0713508109944132,0.0,-0.01726237183858026,-0.013163676743170205,-0.013163676743170205,-0.013163676743170205,0.0,0.0,-0.1418070290540563,-0.17303372014105833,-0.17303372014105833,-0.3452871414964427,-0.11998635134863456,-0.09705492595437493,0.0,-0.3155814312233822,0.09225902201577174,0.0,-0.2213112107035926,0.0,0.0,0.0,0.0,-0.09443309458455884,0.0,0.05837777632138019,0.0,-0.27981657539699856,0.0,0.0,-0.05760686106438406,0.15370062009622032,0.0,-0.3057271604115448,-0.23031860394159942,0.16866369479275112,0.0,0.0345344831695531,-0.00665541826338556,0.0,0.0,0.0,0.0,-0.23568995170477613,0.0,-0.06269040265600401,0.10417410651372783,-0.16343359407613756,-0.22259852954483716,-0.016309088055024956,0.0,-0.05173832247984622,-0.15344461962798261,-0.2856296749917704,-0.2856296749917704,0.0,0.1322680473540654,0.05756168723015698,0.2911866982954734,-0.05854516907681839,0.0,0.03586427104509515,0.0,0.0,0.19237444027796813,0.0,-0.1682425360943085,0.0,-0.17597824111667504,-0.15819454180256742,0.0,-0.16919997356776806,0.06877766978011057,-0.0999417987334259,0.23016641200054755,0.0,-0.005481531848301913,0.2937764885647427,0.02976488154839574,0.11857003441586023,0.3257413028872358,0.0,0.06562669317874925,0.0,-0.2346477659931736,-0.1496723306664849,0.0,-0.024177102629741043,-0.024177102629741043,-0.7268664674534828,0.06863036691869095,0.0,-0.2950870472122258,-0.12777412764994622,0.0,-0.3503910932167562,0.0,0.0,0.0,0.0010796919993600884,0.49827060839829773,-0.09474671953875968,-0.5145932602883425,0.0,0.0,0.0,0.0,-0.19423620605253733,-0.5919311695460843,-0.2267866306248043,0.09974358247822979,-1.1048996798671384,-0.29807821273106794,0.0,-0.3080126658523268,-0.3080126658523268,-0.3080126658523268,0.0,-0.5955627121122038,0.0,-0.10053562743668798,-0.10053562743668798,-0.10053562743668798,-0.10053562743668798,0.0,-0.25568588641512435,0.0,-0.3922478015814148,0.0,0.0,-0.24692579589573005,-0.6845364591127785,0.0,0.0,-0.056660198749127755,-0.2902168942632619,0.0,0.0,-0.7516363117635074,-0.43808978311180313,0.16455896918147261,0.24307804206527917,0.1613138552274722,1.243756455242548,1.243756455242548,-0.02216230524446039,-0.02216230524446039,0.004490903702370375,0.004490903702370375,0.004490903702370375,0.004490903702370375,0.0,0.3352426696599413,-0.6550701145728355,-0.16203141694780943,-0.16203141694780943,-0.16203141694780943,-0.16203141694780943,0.4798643758534529,-1.2672139188286815,0.0,-0.08561341935902655,-1.3707614658472296,-0.8889281084634244,-0.8889281084634244,-0.3015048862256773,0.12510433345877203,0.0,0.0,0.0,-0.13813233164156324,0.6252333968246551,0.0,0.0,0.0,-0.5551492789142571,-0.5551492789142571,-0.22982442008286275,0.0,1.2948450754906928,-0.6867344953850878,0.0,0.7097647891812962,0.0,0.0,-1.063969142618422,0.0,-0.27736034833906076,-0.27736034833906076,-1.6975552090073425,-1.5057679406670523,-0.155849926961952,0.0,0.0,-0.6343508891199283,1.286394520530906,1.286394520530906,-0.4695183041069133,-1.1893467062044238
2024-08-01 00:00:00.000000000,0.0,0.0,-0.03273931545917752,-0.028568793685678884,0.0,0.0,0.0,0.0,0.0,0.0,0.0,-0.07024405120622423,0.0,0.0,0.0,0.0,0.0,0.0,0.0,0.0,0.0,0.0,0.0,0.0,0.0,0.0,0.0,0.0,0.0,0.0,0.0,0.0,0.0,0.0,0.0,0.0,0.0,0.0,0.0,0.0,0.0,0.0,0.0,0.0,0.0,0.0,0.0,0.0,0.0,0.0,0.0,0.0,0.0,0.0,0.0,0.0,0.0,0.0,0.0,0.0,0.0,-0.14508482445728,0.0,0.0,0.0,0.0,0.0,0.0,0.0,0.0,-0.11392550692212855,0.0,0.0,0.0,0.0,0.0,0.0,-0.15763972234968215,0.0,0.0,0.0,0.0,0.0,0.0,0.0,0.0,0.0,0.0,0.0,0.0,0.0,0.0,0.0,0.0,0.0,0.0,0.0,0.0,0.0,0.0,0.0,0.0,0.0,0.0,-0.2011045425690361,0.0,-0.1713550372865842,0.0,0.0,0.0,0.0,0.0,0.0,0.0,0.0,0.0,0.0,0.0,0.0,0.0,-0.268077167321193,0.0,0.0,0.0,-0.13936233275623344,0.0,0.0,0.0,0.0,0.0,0.0,0.0,0.0,-0.22533789245444258,0.0,0.0,0.0,0.0,0.0,0.0,0.0,0.0,0.0,0.0,0.0,0.0,0.0,0.0,0.0,0.0,0.0,0.0,0.0,0.0,0.0,0.0,-0.27506933353398333,0.0,0.0,0.0,0.0,0.0,0.0,0.0,-0.16261999151268758,0.0,0.0,0.0,0.0,0.0,0.0,0.0,0.0,0.0,0.0,0.0,0.0,-0.4125694778155664,0.0,0.0,0.0,0.0,0.0,0.0,0.0,0.0,0.0,0.0,0.0,0.0,0.0,0.0,0.0,0.0,0.0,0.0,0.0,0.0,0.0,0.0,0.0,0.0,0.0,0.0,0.0,0.0,0.0,0.0,0.0,0.0,0.0,0.0,0.0,0.0,0.0,0.0,0.0,0.0,0.0,0.0,-0.2519083838932974,0.0,0.0,0.0,0.0,0.0,0.0,0.0,0.0,0.0,0.0,0.0,0.0,0.0,0.0,0.0,0.0,-0.5090477366929176,0.0,0.0,-0.5964631441881606,-0.5964631441881606,-0.5964631441881606,-0.5964631441881606,0.0,0.0,0.0,0.0,-0.8323868109233519,0.0,0.0,-0.6496136700654276,-0.7185598095112942,-0.3972206316364999,0.0,-0.22321985550741208,0.0,0.0,0.0,0.0,0.0,0.0,0.0,0.0,0.0,0.0,0.0,0.0,0.0,0.0,0.0,-0.751379148154304,-0.4268132944306289,0.0,0.0,0.0,-2.21477256838884,0.0,0.0,0.0,0.0,0.0,0.0,0.0,-0.8893990063643389
2024-08-31 23:59:59.999999999,0.0011111856910059892,0.0011263769673246493,0.0,0.013248520535309893,0.0,-0.024856958032906107,-0.04419647174607011,-0.02462731562745435,0.019357007409122495,0.009640014443604183,0.01781974452837054,0.0,-0.13244212379028597,0.10871067483079311,-0.07816612088198194,-0.0021037750143899636,-0.07022378695976617,-0.07022378695976617,-0.08502703640229692,-0.07857003447983435,-0.1848470880759603,0.011572634380816904,-0.04431810641767875,0.0,-0.07455923053615865,0.0,-0.0757163113260928,-0.02236221639385083,-0.06615204696504096,-0.17768091911601847,0.02111671088372935,-0.15246232483459154,-0.05763417520425396,-0.2211521892582644,0.0,0.06810266638077289,0.0,-0.2002569794275013,0.01618987185934717,-0.13477048675593828,0.11756359108200809,-0.0016329436859143787,-0.00390315165041466,-0.27183918151429776,0.021524763120401857,-0.06135301105669089,-0.06661293912783206,-0.16766674204176635,-0.18653738522599372,-0.022358516036630638,0.0,-0.03269838135100378,-0.030730483243668782,0.0,0.03610219058897246,-0.12419143804521715,-0.16864098508619207,-0.09481934070314946,-0.02517093306482221,-0.02517093306482221,-0.009748524700212702,0.0,-0.20188153437491652,-0.17721338524874364,0.0953325245999368,-0.03897811400308404,-0.0671376082110795,-0.130799550991326,0.0,-0.13381393379943307,0.0,-0.01649537336371143,0.11406958897075237,0.11406958897075237,0.1015891733800971,0.0,-0.4132996675136251,0.0,-0.016505591739499614,0.0,0.0,-0.023692449494273626,0.06283049291594756,-0.12539228869117958,0.11712193500615076,-0.03417859991006589,-0.014106732465129834,0.0,-0.14731732156248833,-0.1482133858150878,-0.1482133858150878,-0.1482133858150878,0.0,0.0,-0.09776627656581405,-0.07017605298942597,-0.07017605298942597,-0.2472432184686817,-0.07562823488291359,-0.007037448234518351,-0.10768007815726799,-0.23682996829836522,0.12975783665392182,-0.2834098514397507,0.0,0.0,0.0,0.0,0.0,-0.07350740661317046,-0.059411738648941004,0.06416414554874006,0.0,-0.12172683029382214,0.0,0.0,-0.09719150241911834,0.013763458273504892,0.0,-0.2290194293447929,0.0,-0.06947145641461527,-0.08875770782655512,0.1435469025496614,0.0,0.0,0.0,0.0,0.0,-0.050344864820766055,0.0,0.030853574712447873,0.04759181303940152,0.0,-0.38754699515402424,-0.31572152018492905,0.0,-0.07619655224962107,-0.3260681535171983,-0.3031628678284093,-0.3031628678284093,-0.4010526202158513,0.11190772389977299,0.046081613704849644,0.038867560967485115,-0.06903854706136148,0.0,0.037029055129186306,0.0,0.0,0.030118095026826497,0.0,0.09808471745920522,0.0,-0.6363750168671298,0.02671689844743974,0.0,-0.24539834071581756,-0.020163712506554354,-0.183147820526111,0.16285616199574626,0.0,-0.05457184925013814,-0.18883954978863304,0.0,0.33529397040535414,0.2334256662458991,0.0,0.10227269156998986,0.0,-0.04468008833206305,-0.16184889495109456,0.0,-0.02933815639266668,-0.02933815639266668,-0.41807018819080044,-0.017971980132694743,0.0,-0.06912566856681757,-0.05893692309751719,0.0,-0.19788644545369793,0.0,0.19845687912263932,0.0,0.06708356898366419,0.36895245135112265,-0.45650467833448305,-0.21571264468938733,0.0,0.0,0.0,0.0,-0.2472957879908102,-0.8120065790239244,-0.04234878294016875,0.16573515802116834,-1.0626544192442757,-0.6098171615867598,0.0,-0.43996831896652333,-0.43996831896652333,-0.43996831896652333,0.0,-0.3818010790683546,0.0,-0.3777036803100098,-0.3777036803100098,-0.3777036803100098,-0.3777036803100098,0.0,-0.0521043487567352,0.04875579963871912,-0.495628766324558,0.0,0.0,-0.20029172531753403,-0.12762346997830143,-0.353136025959345,-0.353136025959345,0.0,-0.8152636564655531,0.0,-0.10044963847445931,-0.5006183335124144,-0.5518265038498895,0.2637196081858477,0.5958009953492795,-0.10680117677214795,-0.3783337397557176,-0.3783337397557176,-0.18128073717175397,-0.18128073717175397,0.0009898820343097192,0.0009898820343097192,0.0009898820343097192,0.0009898820343097192,0.0,-0.09475890488643257,-0.8088418045820736,0.0,0.0,0.0,0.0,-0.41949544500833635,-1.3623202831598682,0.0,-0.17015609495562978,0.0,-1.9600382421564873,-1.9600382421564873,0.0,0.0,-0.3305507339164895,0.0,0.0,-0.5702750121728752,-0.13012232896970977,0.0,0.0,0.0,-0.5410975169009118,-0.5410975169009118,-0.10229437713446465,-0.5423209819200863,1.5736122292325483,-0.6731395902519124,0.0,0.2566672098049927,0.0,0.0,0.0,-0.14047493519919918,0.29692307772367177,0.29692307772367177,-0.43905125521528277,0.0,-0.4807209403304735,0.0,0.710577101743405,-0.380944474225303,3.1814140386526653,3.1814140386526653,0.31422661211997927,0.0
2024-09-01 00:00:00.000000000,0.0,0.0,0.0,0.0,0.0,-0.1378888325284665,0.0,0.0,0.0,-0.021042666723400716,0.0,0.0,0.0,0.0,-0.07851724143591154,-0.15295270081448997,0.0,0.0,0.0,0.0,0.0,0.0,0.0,0.0,0.0,0.0,0.0,0.0,0.0,0.0,0.0,0.0,0.0,0.0,0.0,0.0,0.0,0.0,0.0,0.0,0.0,0.0,0.0,0.0,0.0,0.0,0.0,0.0,0.0,0.0,0.0,0.0,0.0,0.0,0.0,0.0,-0.1633094154146939,0.0,0.0,0.0,0.0,0.0,0.0,0.0,0.0,-0.13585912268288736,0.0,0.0,0.0,0.0,0.0,0.0,0.0,0.0,0.0,0.0,-0.25084958684842407,0.0,0.0,0.0,0.0,0.0,0.0,0.0,0.0,0.0,0.0,0.0,-0.11301174236320544,0.0,0.0,0.0,0.0,0.0,0.0,0.0,0.0,0.0,0.0,0.0,-0.1758879982815813,0.0,0.0,0.0,0.0,0.0,0.0,0.0,0.0,0.0,0.0,0.0,-0.19486962420048926,0.0,0.0,0.0,0.0,0.0,0.0,0.0,0.0,0.0,0.0,0.0,0.0,0.0,0.0,0.0,0.0,0.0,0.0,0.0,0.0,0.0,-0.27442686589765,-0.22177481420488754,0.0,-0.16901217079085473,0.0,0.0,0.0,-0.25563197204584986,0.0,0.0,0.0,0.0,0.0,0.0,0.0,0.0,0.0,0.0,0.0,0.0,0.0,0.0,0.0,0.0,0.0,0.0,0.0,0.0,0.0,0.0,0.0,0.0,0.0,0.0,0.0,0.0,0.0,0.0,0.0,0.0,0.0,0.0,0.0,0.0,0.0,0.0,0.0,0.0,0.0,0.0,0.0,0.0,0.0,0.0,0.0,-0.620991936510836,0.0,0.0,0.0,0.0,0.0,0.0,0.0,0.0,0.0,0.0,0.0,0.0,0.0,0.0,0.0,0.0,0.0,0.0,0.0,0.0,0.0,0.0,0.0,0.0,0.0,0.0,0.0,0.0,0.0,0.0,0.0,0.0,0.0,-0.2342328449332105,0.0,0.0,0.0,0.0,0.0,0.0,0.0,0.0,0.0,0.0,0.0,0.0,0.0,0.0,0.0,0.0,0.0,0.0,0.0,0.0,0.0,0.0,0.0,0.0,0.0,0.0,0.0,0.0,0.0,0.0,0.0,0.0,0.0,0.0,0.0,0.0,0.0,0.0,0.0,-0.3851672083990939,0.0,0.0,0.0,0.0,0.0,0.0,0.0,0.0,-0.7482162677474835,0.0,0.0,0.0,0.0,0.0,0.0,0.0,0.0,0.0,0.0,-1.4030144431220712,0.0
2024-09-30 23:59:59.999999999,-0.008345357203328074,-0.029783477401130742,0.0,0.03711903698259267,0.0,0.0,-0.07675843805898142,0.04898572113141486,-0.06443490851220135,0.0,0.07234664165880189,0.0,-0.13170385048111188,-0.023504847429540954,0.0,0.02772365041148417,-0.11045848116656165,-0.11045848116656165,-0.09665208193491659,-0.06500807855463742,-0.1506177873786272,-0.05378724418270986,-0.04098625375446785,-0.21138333562486977,-0.01997624785831431,0.0,0.05553993595091655,-0.2054634840799925,-0.04505497713627871,-0.17386709139590328,-0.06826180166835494,-0.042994824090443196,-0.0700362210008616,-0.18860752782444146,0.0,-0.014509614572715268,0.0,-0.15849602899998438,-0.04386000341582097,-0.21751049543959544,0.08407113648881581,0.01499227134512826,0.10152689204462151,-0.24884652972371057,0.013342598242679582,0.09828786565072156,-0.06648639307009008,-0.04582603869295854,-0.13152238680803263,-0.06004398458538396,0.0,-0.04400136414272837,-0.11501667191024723,-0.06627727611592293,0.1037021827859792,0.029741720702803676,0.0,-0.06610885837219671,-0.03328902692323288,-0.03328902692323288,-0.05651876951606205,0.0,-0.19444046589836494,-0.136735000750011,-0.07953152809883779,0.0,-0.0593517327819546,-0.1905915691703255,0.0,-0.16841504432057897,0.0,-0.017071303832490337,-0.06358206304130487,-0.06358206304130487,0.05585962390723265,0.0,0.0,0.0,-0.1030376580933492,0.0,0.0,-0.07919055929931207,0.03276808003364362,-0.1336664124951532,-0.0877507380608602,0.10417189201559385,-0.04564114839705802,0.0,0.0,-0.14199989913030686,-0.14199989913030686,-0.14199989913030686,0.0,0.0,-0.09093476826005387,-0.16740824038637303,-0.16740824038637303,-0.2800608315442792,0.0549010664771199,-0.1883492432521292,0.0,-0.19400483679007263,0.03160594874665801,-0.15779444500932072,0.0,-0.3269331579439543,0.0,0.0,0.0,0.07539742298009555,-0.15329350478569648,0.08211770325136913,0.0,-0.3159282351359092,0.0,0.0,0.1241430086377524,0.2626615622900026,0.0,-0.13608751738968072,-0.10689175651390803,0.08930955342626645,-0.15826683424652987,0.1538608148061269,0.0,0.0,-0.09337210874288382,-0.13620739490033063,-0.13620739490033063,-0.139915375630967,-0.0708303022082366,-0.0427748709681155,0.0554015899391731,-0.012600923619667137,0.0,0.0,0.0,0.0,-0.39748451974429955,-0.18262417584452595,-0.18262417584452595,0.0,-0.004771024976791605,0.009694353074298334,-0.1331455951212066,-0.06888215160427968,0.0,0.03984656742744752,0.0,0.0,-0.2552986983058918,0.0,0.2841337345604902,-0.005329745181507306,-0.32994195313426666,0.2576598531872072,0.0,-0.30045921358503236,0.11479894234804489,0.31042020994236985,-0.15077234579476295,-0.16520321400906335,-0.21479147253038788,0.22962518527354137,0.0,0.10250219548954598,0.21183308780982535,0.0,0.08135855723232366,0.0,0.11634263227776653,-0.356262364939671,0.0,-0.024961098197945564,-0.024961098197945564,-0.6126518896111255,-0.18717610192794343,0.0,-0.038856240598831304,-0.10777275205792236,0.0,-0.3558714936435299,0.0,-0.048852397228419386,0.0,-0.0460696607208988,0.2563404115188932,0.007381957777759629,-0.26779990899415407,0.0,0.0,0.0,0.0,-0.2939466507888029,-0.624703054910136,-0.048882476894241966,-0.005549492835473124,-0.9885216579204099,-0.15251184558332453,0.0,-0.4487713253768879,-0.4487713253768879,-0.4487713253768879,0.0,-0.291642307552477,-0.14333717692402548,-0.3576633936188185,-0.3576633936188185,-0.3576633936188185,-0.3576633936188185,0.011083365251735477,-0.1933311396111368,0.1406649443857244,-0.7909056728234671,-0.14051830197517834,0.0,-0.4999391235022952,-0.4213607467990539,-0.19113361133946327,-0.19113361133946327,0.011818946166401112,-0.29660827415858493,0.0,0.0,0.025879419772002477,-0.6375654460269566,0.2907392899984538,-0.2002115663414985,-0.11776501840466391,-0.46263167798160465,-0.46263167798160465,-0.043162687013221124,-0.043162687013221124,0.08623756171311436,0.08623756171311436,0.08623756171311436,0.08623756171311436,0.0,-1.03952850370605,-1.063794655439266,-0.057444491587597346,-0.057444491587597346,-0.057444491587597346,-0.057444491587597346,0.0008010581685025109,-1.4089332132071286,0.0,-0.616284895384204,0.0,-0.4319433474222252,-0.4319433474222252,0.0,0.0,0.12283933597114216,0.0,-0.126440910049193,-1.2232872342457597,0.266672328326075,0.0,0.0,0.0,-0.6361982186359423,-0.6361982186359423,0.0,0.48133624433250155,1.9420818362976644,-0.68716311585444,0.0,0.07545257072919931,0.0,0.0,-0.0988008695745779,0.0,1.154666094369845,1.154666094369845,2.505360695736354,0.3911050456495966,-0.8237044792872212,0.0,-0.10977046601960772,-0.17183807443928734,2.815498001770298,2.815498001770298,0.0,0.0
2024-10-01 00:00:00.000000000,0.0,0.0,0.0,0.0,0.0,0.0,-0.07956413558670938,0.0,0.0,0.0,0.0,0.0,0.0,0.0,0.0,0.0,0.0,0.0,0.0,0.0,0.0,0.0,0.0,0.0,0.0,0.0,0.0,0.0,0.0,0.0,0.0,0.0,0.0,0.0,0.0,0.0,0.0,0.0,0.0,0.0,0.0,0.0,0.0,0.0,0.0,0.0,0.0,0.0,0.0,0.0,0.0,0.0,0.0,-0.10556785916647926,0.0,0.0,0.0,0.0,0.0,0.0,0.0,0.0,0.0,0.0,0.0,0.0,0.0,-0.22065157435760674,0.0,0.0,0.0,0.0,0.0,0.0,0.0,0.0,0.0,0.0,0.0,0.0,0.0,0.0,0.0,-0.11849708636233602,0.0,0.0,-0.10245112889901198,0.0,0.0,0.0,0.0,0.0,0.0,0.0,0.0,0.0,0.0,0.0,0.0,0.0,0.0,0.0,0.0,0.0,0.0,-0.21341679243196543,0.0,0.0,-0.1786206082510593,0.0,-0.14156331118061982,0.0,0.0,0.0,0.0,0.0,0.0,0.0,0.0,0.0,-0.24905334926708012,0.0,0.0,0.0,0.0,-0.2233316504344346,0.0,0.0,0.0,0.0,0.0,0.0,0.0,0.0,0.0,0.0,0.0,0.0,0.0,0.0,0.0,0.0,0.0,0.0,0.0,0.0,0.0,0.0,0.0,0.0,0.0,0.0,0.0,-0.17297949047359962,0.0,0.0,0.0,0.0,0.0,0.0,0.0,-0.2632631215771344,0.0,0.0,0.0,0.0,0.0,0.0,0.0,0.0,0.0,0.0,0.0,0.0,0.0,0.0,0.0,0.0,0.0,0.0,0.0,0.0,0.0,0.0,0.0,0.0,0.0,0.0,0.0,0.0,0.0,0.0,0.0,0.0,0.0,0.0,0.0,0.0,0.0,0.0,0.0,0.0,0.0,0.0,0.0,0.0,0.0,0.0,0.0,0.0,0.0,0.0,0.0,0.0,0.0,0.0,0.0,0.0,0.0,0.0,0.0,0.0,0.0,0.0,0.0,-0.5726796691586735,0.0,0.0,0.0,0.0,0.0,0.0,0.0,0.0,0.0,0.0,0.0,0.0,0.0,0.0,-0.03471893877766652,-0.03471893877766652,-0.03471893877766652,-0.03471893877766652,0.0,0.0,0.0,0.0,0.0,0.0,0.0,0.0,0.0,0.0,0.0,-0.2837155812723908,0.0,0.0,0.0,0.0,0.0,0.0,0.0,0.0,0.0,0.0,0.0,0.0,0.0,0.0,0.0,0.0,0.0,-0.7785180128411663,-0.7785180128411663,0.0,-0.9666050335979461,0.0,0.0,0.0,0.0,0.0,0.0,0.0,0.0
2024-10-31 23:59:59.999999999,-0.0038593258270376296,-0.00816282897310927,0.0,0.03723620687416496,0.0,0.02310574424685541,0.0,0.012431731403124369,0.02400375660321119,-0.021751160679207793,0.008434358948365084,0.0,-0.018070558101878964,0.010284410540722044,0.0,0.090729474855888,-0.05585354118756225,-0.05585354118756225,0.023794306386283992,0.0345696443341994,0.0188675970686214,-0.015058195282714681,0.11302281691480864,-0.17579883769509408,0.061521232476071,0.0,0.006659899386639356,-0.19971674368810266,0.037351975410281124,-0.3269951114359775,-0.022133395226441976,-0.13619291632906672,-0.08607905953914852,-0.02386340074276405,0.0,0.04756541399732894,-0.15421960488578712,-0.04419804761437396,-0.1480719817356566,-0.16753522637290974,0.015699553186728332,-0.06036897813398112,0.13053894621794937,-0.3948829831320464,-0.07325547263992549,-0.07526648860008245,-0.07227906564802389,-0.2031750604980449,-0.088233954231423,-0.033402396978278626,-0.08478712743504246,-0.08088018926694174,-0.01045045376143472,0.0,0.029725225005174716,-0.09067086058189044,0.0,-0.03176857196149241,0.17437779175903612,0.17437779175903612,0.010337455126379957,0.0,0.055242318841629334,-0.286776310069508,-0.019378103388952628,0.0,-0.2908112838016623,0.0,0.0,-0.25982350916281516,0.012365776608194157,-0.044991889014901254,-0.07032630835265063,-0.07032630835265063,-0.06219432950425707,0.0,0.0,0.0,-0.089870984900698,0.0,0.0,-0.20889150919965105,0.002126482199160673,0.053490355720147154,-0.01874606747698948,0.009284826683564784,0.0,-0.027508728208495814,0.0,-0.09797236928516773,-0.09797236928516773,-0.09797236928516773,0.0,0.03152718359552509,0.049933523252439604,-0.24404577453119902,-0.24404577453119902,-0.02396315555699835,0.09055540727469014,-0.12673275533149786,0.0,0.046068330861780415,-0.08988666585966287,0.015360783018670388,0.0,0.0,0.003639462032758445,0.0,0.0,-0.21381330600074788,0.0,0.05253473409782172,0.0,-0.07429221586379708,-0.2140481245254664,0.0,0.21176945024460325,-0.020422271484728416,0.0,-0.07183192284998663,0.0,-0.04870516642687517,-0.045220380523772974,-0.010995011087457929,0.03825685661627953,0.0,-0.16709993123704625,-0.5588971387460377,-0.5588971387460377,-0.0029602037569045336,0.19045573094302926,0.06455334902695897,0.019928049108059787,-0.1746701366194039,0.0,0.0,0.0,0.0,-0.4693898729738528,-0.40632757255728125,-0.40632757255728125,0.0,0.017158939250310645,-0.17810877318402873,0.10921868271317026,-0.21986061006387692,0.0,-0.028384073527564002,0.0,-0.14688191086170388,0.051779881292031815,0.0,0.0818957741555828,0.0,-0.20904685274597035,0.07530784595745232,0.0,-0.1983094378482413,0.14450081923072466,0.3631391908728636,-0.03828400939726251,0.0,-0.17430312807365356,0.11394792154530586,0.0019232948166045816,0.08695185538886663,0.05869029872585796,0.0,0.11950176531753609,0.0,0.2954752535935896,-0.09532872342810284,-0.16373959739630273,-0.023415596593307608,-0.023415596593307608,-0.5607730354523766,0.353448926368058,-0.04208471056164553,-0.15681859963948863,0.02529181467541175,0.0,0.09300603549084552,0.0,-0.27395946207774835,0.0,-0.15592605688873418,0.2652525729870028,-0.18059474033638367,-0.12282217860053035,0.0,0.0,0.0,0.0,-0.2782031866606396,-0.8313290544052194,0.31603487164257893,0.14057190374415374,-0.8856377189802587,-0.21462429092680946,-0.04342149586896715,-0.46568364414204666,-0.46568364414204666,-0.46568364414204666,0.0,-0.3941387010774051,-0.06402504557151811,-0.23881925604133758,-0.23881925604133758,-0.23881925604133758,-0.23881925604133758,-0.0790902029645959,-0.3160052519786476,-0.11712923692056787,-1.0713874632438927,-0.38115403685418214,0.0,-0.4513152410899901,-0.5726756134511919,-0.8366991381881643,-0.8366991381881643,-0.4109163402604774,0.2750899560046596,0.0,0.08178509056037875,-0.0033068595992682415,0.0,0.1948818921989992,-0.1864245842484853,0.16519623914320292,-1.0130434186284993,-1.0130434186284993,0.021564656912385738,0.021564656912385738,0.05317189494121455,0.05317189494121455,0.05317189494121455,0.05317189494121455,-0.4022096827325967,-0.8333244224452296,-1.3325130488674766,0.010080738427426184,0.010080738427426184,0.010080738427426184,0.010080738427426184,-0.034629909113780055,-0.6327557542953977,0.0,-0.5415845338066041,0.0,-0.24450165808841717,-0.24450165808841717,0.0,0.0,-0.16450884701153923,0.0,0.9522028189304956,-0.08984415663392964,-0.525834816988449,0.0,0.0,-0.9726828437985939,-0.559029278009908,-0.559029278009908,0.4085508209904496,1.252859096185984,3.2332272470393018,-0.972055721481158,0.0,-0.0975033040266382,0.0,0.0,0.22444617226398034,-0.3583139498602055,0.0,0.0,1.2559918799439989,-0.3308866760769007,-0.7563265359455369,0.0,-0.8326891021290017,-1.0868776794001302,1.2139872905911444,1.2139872905911444,0.0,0.0
2024-11-01 00:00:00.000000000,0.0,-0.022708038091745042,0.0,0.0,-0.0119060240298825,0.0,-0.10664859366118207,0.0,0.0,0.0,0.0,0.0,0.0,0.0,0.0,0.0,0.0,0.0,0.0,0.0,0.0,0.0,0.0,0.0,0.0,0.0,0.0,0.0,0.0,0.0,0.0,0.0,0.0,0.0,0.0,0.0,0.0,0.0,0.0,0.0,0.0,0.0,0.0,0.0,0.0,0.0,0.0,0.0,0.0,0.0,0.0,0.0,0.0,0.0,0.0,0.0,0.0,0.0,0.0,0.0,0.0,0.0,0.0,0.0,0.0,0.0,0.0,0.0,0.0,0.0,0.0,0.0,0.0,0.0,0.0,0.0,0.0,0.0,0.0,0.0,0.0,0.0,0.0,0.0,0.0,0.0,0.0,0.0,0.0,0.0,0.0,0.0,0.0,0.0,0.0,0.0,0.0,0.0,0.0,0.0,0.0,0.0,0.0,0.0,0.0,0.0,0.0,0.0,0.0,-0.19957184757440816,0.0,0.0,0.0,0.0,-0.14472074919384303,0.0,0.0,0.0,0.0,0.0,0.0,0.0,0.0,0.0,0.0,0.0,0.0,0.0,0.0,0.0,0.0,0.0,0.0,0.0,0.0,0.0,0.0,0.0,0.0,0.0,0.0,0.0,0.0,0.0,0.0,0.0,0.0,0.0,0.0,0.0,0.0,0.0,0.0,0.0,0.0,0.0,0.0,0.0,0.0,0.0,0.0,0.0,0.0,0.0,-0.2571578261411134,0.0,0.0,0.0,0.0,0.0,0.0,0.0,-0.26597352558719134,0.0,0.0,0.0,0.0,0.0,0.0,0.0,0.0,0.0,0.0,0.0,0.0,0.0,0.0,0.0,0.0,0.0,0.0,0.0,0.0,0.0,-0.5769328463592656,0.0,0.0,0.0,0.0,-0.21598105920180122,0.0,0.0,0.0,0.0,0.0,0.0,0.0,0.0,0.0,0.0,0.0,0.0,0.0,-0.6825374335136165,-0.478660033649111,0.0,0.0,-0.40282868976213804,-0.6607424420692871,-0.6607424420692871,-0.5889201117400646,0.0,0.0,0.0,0.0,0.0,0.0,0.0,0.0,0.0,0.0,0.0,0.0,0.0,0.0,0.0,0.0,-0.4325955186633166,0.0,0.0,0.0,0.0,0.0,0.0,0.0,0.0,0.0,0.0,0.0,0.0,0.0,0.0,0.0,0.0,0.0,0.0,0.0,0.0,0.0,0.0,-1.0858801763471007,0.0,0.0,-0.3149214008060166,0.0,0.0,0.0,0.0,0.0,0.0,0.0,-0.5464402091721392,-1.2314058262625442,0.0,0.0,0.0,-0.8786018309872503,0.0,0.0,0.0,0.0,0.0,0.0,-1.9506554950495398,0.0
2024-11-30 23:59:59.999999999,-0.015115433562511882,0.0,0.0,0.03935323806256319,0.0,0.029668090087648924,-0.023809211182867607,-0.0319635062123933,-0.026872605584474574,-0.029304236400953254,-0.031179035675133804,0.0,-0.07676768461411787,0.06333487114994463,0.0,0.08229905389192993,-0.09555292852730268,-0.09555292852730268,0.07205922294938083,-0.014933557874519776,-0.12487108287915838,0.018313048729412085,0.002467629876375721,-0.13004598509722554,-0.10300575550395785,0.08475419205261403,-0.08440389259894743,-0.18617407473358316,0.0267082896182127,-0.25012924394220315,-0.03139099486700614,-0.15438809940430875,-0.18646839397032267,-0.22336680752985782,0.0,0.10520274019632181,-0.07339948952778386,-0.005437178163221201,-0.013675267282730497,-0.15735373172925504,0.014110886992336757,-0.0031940951027984443,-0.20696667264750612,-0.23926861491765017,-0.1613775039602423,-0.06368466665906714,-0.12241321393132054,-0.11201921535779813,-0.06341317438017624,-0.0478225761924882,0.022792257687425543,-0.11532925723676635,-0.0452453150892409,0.0,0.062847584840376,-0.1187985271826979,0.0,-0.03903689781766184,-0.03272072946410609,-0.03272072946410609,0.06167515087473374,0.0,0.007957288304311305,-0.25593854452210874,0.07239779585328776,0.0,-0.19932237202090342,-0.20110712429480282,0.0,0.05009173088933738,-0.02332470001883502,-0.08181461333199502,0.14757551811707126,0.14757551811707126,-0.020103931986564127,0.0,0.0,0.0,-0.21048137545863277,0.0,0.0,-0.1766171517969075,-0.051050741898098106,0.04410668268694584,0.2599379920987457,-0.1824926065007122,-0.14852415032115784,-0.13846886774946077,0.0,-0.07840840851484332,-0.07840840851484332,-0.07840840851484332,0.0,-0.16972565500256653,-0.01751523470184213,-0.2241362747514717,-0.2241362747514717,-0.027999565664380333,-0.1244336603623708,-0.36515574812065665,0.0,0.025357204380104692,-0.05544865076699912,-0.17195301112914185,0.0,0.0,-0.19764465259941222,0.0,0.00011125239050802094,0.0,0.008931617388749924,-0.05385353335273191,-0.3837556725370366,-0.03052241152508617,0.0,-0.2725852256556207,-0.022906047215977665,-0.054143796831158664,-0.13399787090891557,-0.09363829288909997,0.0,0.07104926206967899,0.10904334558709738,-0.20065791300249103,0.2172723119204205,0.0,0.05685261244670037,-0.4986207989385081,-0.4986207989385081,-0.18529083736813012,-0.027280745757540803,0.23458401470180723,0.07437448419161008,-0.22126172361167162,0.03262998818798435,0.0,-0.3068977112076139,0.0,-0.33524860912967824,-0.3282782598847853,-0.3282782598847853,0.0,0.13983344731152947,-0.08493461705302474,-0.12451094337344104,0.03733167706309848,0.0,-0.018406424882660533,0.0,-0.26901004104547965,0.2542706378527788,0.0,-0.1473529694617175,0.0,-0.38055326515562116,0.10379131083729098,0.0,-0.06282723043904559,0.2373766082314197,0.06097162830429648,0.2509060255658122,0.0,0.2273672105395712,0.09370987360534366,0.15527279610931233,0.13757707592540291,0.14170922592320623,0.0,0.11962949633498621,0.0,0.05823863512306282,-0.06052575845177466,0.0,-0.022873576912360027,-0.022873576912360027,-0.5742546969528006,-0.20352799990020154,0.03353903840694228,-0.13849382810455246,0.07307797598510746,0.0,0.3468966292319655,0.0,0.08375284564033891,0.0,-0.3559860844653677,0.14720993367152735,0.0717118182018206,-0.3725649669827289,0.0,0.0,0.0,0.0,-0.4214410117574372,0.0,0.051777565974177486,-0.00027490862588619436,-0.6987221641934711,-0.4222328087630889,0.0,-0.4601910273498844,-0.4601910273498844,-0.4601910273498844,0.0,-0.5419790544929652,-0.33970467621248956,0.5014061042593922,0.5014061042593922,0.5014061042593922,0.5014061042593922,-0.4425786210244598,-0.4754324164446986,-0.5121858112348407,0.0,0.0,0.0,-0.3383989257014086,0.0,0.0,0.0,0.0,-0.1911385087564117,0.0,0.35367735265984157,-1.218641207580902,0.0,0.41200559734653974,-0.09691998263479373,0.26282952819787875,-1.0779237591903705,-1.0779237591903705,0.18160619878407203,0.18160619878407203,0.038337990136708244,0.038337990136708244,0.038337990136708244,0.038337990136708244,0.0,0.20904765765837263,-1.7229647501790595,0.014358775703486204,0.014358775703486204,0.014358775703486204,0.014358775703486204,0.26755174854644004,-1.495641879358583,0.0,-0.5084911880581504,0.0,-0.9135047289949667,-0.9135047289949667,0.0,0.0,-0.06833052201231582,0.0,0.4442533452187054,-0.1378924987887591,-0.47728510747164954,0.0,0.0,-0.8383386442753018,-0.7511541092085556,-0.7511541092085556,0.0,-0.7207491035361282,3.213480611535012,-1.1425533453407457,0.0,-0.10201239312209331,0.0,-1.0164121490243438,0.0,0.0,0.9949460111628485,0.9949460111628485,-0.16974488430631407,0.0,-0.4513589175516428,1.0113291872904195,-0.4696099201368471,-0.1458557157243181,2.0545821206276256,2.0545821206276256,-1.0546920201745262,0.0
2024-12-01 00:00:00.000000000,-0.015879878551490645,0.0,0.0,-0.004345749230730167,-0.23838117339589426,0.001537927455880439,-0.017498210191851715,-0.0023942380184548417,-0.00578255874374789,-0.01176020873804462,0.021958911652409152,0.0,-0.008844717793952905,0.017111099591499257,0.007659406398272228,-0.3463415248623367,-0.09888320795383221,-0.09888320795383221,-0.0209770014222862,0.011644425534685365,-0.07719306147163829,0.03846428705668803,0.04557569809632067,-0.10329965884298087,0.023497638944163568,-0.11681398642075047,0.01264336657804066,-0.15926109516679787,0.03891592574566216,-0.07270676937723541,-0.020951102734747096,-0.05102455108959614,-0.0760467559397664,-0.08443253398766404,0.0,-0.005862861862065971,-0.019586617233283032,-0.05177170674539533,-0.015800991323152047,-0.11323999799683016,-0.06903068243417565,0.017768945396058444,-0.013785055060803852,-0.16890642289520463,-0.14127670812918125,0.014892022790333637,-0.06301019159217391,-0.05768663250271344,-0.03730904107449695,-0.058621900022714724,-0.0805748246577016,-0.0312692403501329,-0.045718913961516394,0.0017625139614410035,0.09951450731507083,-0.08776035394147241,0.0,-0.0005869555996084186,-0.030394659339461283,-0.030394659339461283,-0.05990777230141142,0.0,-0.07532118543577715,-0.1693734656416952,0.08118358089831057,0.0,-0.04584004071300907,-0.12205121921148665,-0.004370474064170904,-0.028937643572665928,0.00022443358884460807,-0.0642601193200103,-0.0912030523679046,-0.0912030523679046,0.055789195011173964,0.0,0.0,0.0,-0.12282055506052258,0.0,0.0,-0.14825834897606638,-0.023412320219216687,0.014949957766893007,0.046069094456712145,-0.059486353757916666,-0.024208223056564115,-0.05215833175087492,0.0,-0.06009835965462884,-0.06009835965462884,-0.06009835965462884,-0.1306949217729454,-0.06211471953581915,-0.12464724047712628,-0.16428170467013725,-0.16428170467013725,-0.04859589675814158,0.037769357437407614,-0.23297654910083798,0.0,-0.005037667736719542,0.05335525615388925,0.07637049766403714,0.0,0.0,-0.06621822345467976,-0.07059733330921225,-0.034089537833265404,0.0,-0.08264912652027778,0.04079389831463287,-0.29271797568814706,0.0703569450073297,0.0,-0.21367748531549924,0.03655980905944478,-0.056978129706499514,-0.032715833510467585,-0.06054185725354211,0.0,0.03751986993141332,0.10056547364656987,-0.1216296713773346,-0.003771706284257048,-0.0065876825292656704,-0.010912224472055088,-0.25131204892170034,-0.25131204892170034,-0.24058942489934365,0.09479621021120344,0.036198922429842906,-0.009263010210268874,-0.120939413295574,-0.11340091742678715,0.0,-0.11531945722608028,-0.037606052016398994,-0.11920270990419035,-0.24270943234093556,-0.24270943234093556,0.0,0.26054393069508985,-0.11076836788238587,-0.19080698236753624,0.0912426468055687,0.0,0.044885684147946026,0.0,-0.1633183228931483,0.04680289352187217,-0.27950995406916257,0.1252517526433966,-0.025239158251195826,-0.029376044225916442,-0.09121474997652512,0.0,-0.06288644841401059,0.017078322650209032,0.15186879410037157,-0.12385187861514313,0.0,-0.10304106484598763,-0.1713652843969493,-0.18407307820474816,-0.157482204287117,-0.16055801714050266,-0.017320285084362452,-0.11838833499200052,0.044860991783971294,-0.1186216393287387,-0.0018972738083724572,0.0,-0.00756106582159799,-0.00756106582159799,-0.31619696749399506,0.011436747230595623,-0.3045172225381656,-0.008267095191483831,0.0526451688563534,-0.09349908491302727,0.025721666071514937,0.0,0.005412201315029175,-0.08041600189897613,-0.14448783790936115,0.011796157170383736,-0.10673838056935203,-0.17567146690695368,0.0,0.41530577223948295,0.0,0.0,-0.28073352042825295,0.0,0.14679539134157749,0.03278390076819626,-0.4012209231099564,-0.1557551667347763,-0.0377719767065503,-0.24794172963890615,-0.24794172963890615,-0.24794172963890615,0.0,-0.1973796591043926,-0.16387963139351325,-0.19455466009106848,-0.19455466009106848,-0.19455466009106848,-0.19455466009106848,-0.12868663193322527,-0.12753271525605048,-0.25902840478223377,0.0,0.0,0.0,0.10851069163323135,0.0,0.0,0.0,-0.03833621528071163,0.14610807058639286,0.0,0.05065050702195517,-0.6116932772819234,-0.21121798566468142,-0.5189653178548177,-0.04122624010789133,0.016438760201900937,0.3423224641136968,0.3423224641136968,0.07087552559638399,0.07087552559638399,0.049568441057956214,0.049568441057956214,0.049568441057956214,0.049568441057956214,0.0,-0.034762103167989444,-0.43540074963133746,-0.0304510142376494,-0.0304510142376494,-0.0304510142376494,-0.0304510142376494,0.11890175248911272,-0.16594479408965734,0.0,-0.5878799823559022,-0.05852245126403721,-0.044980098964839677,-0.044980098964839677,0.0,-0.6113310528583162,0.21005723946582355,0.0,0.3219355619850328,0.26932736958501113,-0.8432199220506216,0.0,0.0,-0.8941375267632679,-0.04719263635683835,-0.04719263635683835,0.0,-0.16544442872318132,1.6655321640274108,-0.80767853658389,0.04523836323666108,-0.10106288631423488,0.0,-1.1089136717621444,0.0,-0.8692141749372437,0.5588122294467139,0.5588122294467139,-0.18845374050960295,0.0,-0.013508659044774496,1.1075242490338115,-0.3585235320221567,-2.625496140125727,0.7031867957675433,0.7031867957675433,-1.3444143749723017,0.35253750301143627
2024-12-31 23:59:59.999999999,0.0,0.0,0.0,0.0,0.0,0.0,0.0,0.0,0.0,0.0,0.0,0.0,0.0,0.0,0.0,0.0,0.0,0.0,0.0,0.0,0.0,0.0,0.0,0.0,0.0,0.0,0.0,0.0,0.0,0.0,0.0,0.0,0.0,0.0,0.0,0.0,0.0,0.0,0.0,0.0,0.0,0.0,0.0,0.0,0.0,0.0,0.0,0.0,0.0,0.0,0.0,0.0,0.0,0.0,0.0,0.0,0.0,0.0,0.0,0.0,0.0,0.0,0.0,0.0,0.0,0.0,0.0,0.0,0.0,0.0,0.0,0.0,0.0,0.0,0.0,0.0,0.0,0.0,0.0,0.0,0.0,0.0,0.0,0.0,0.0,0.0,0.0,0.0,0.0,0.0,0.0,0.0,0.0,0.0,0.0,0.0,0.0,0.0,0.0,0.0,0.0,0.0,0.0,0.0,0.0,0.0,0.0,0.0,0.0,0.0,0.0,0.0,0.0,0.0,0.0,0.0,0.0,0.0,0.0,0.0,0.0,0.0,0.0,0.0,0.0,0.0,0.0,0.0,0.0,0.0,0.0,0.0,0.0,0.0,0.0,0.0,0.0,0.0,0.0,0.0,0.0,0.0,0.0,0.0,0.0,0.0,0.0,0.0,0.0,0.0,0.0,0.0,0.0,0.0,0.0,0.0,0.0,0.0,0.0,0.0,0.0,0.0,0.0,0.0,0.0,0.0,0.0,0.0,0.0,0.0,0.0,0.0,0.0,0.0,0.0,0.0,0.0,0.0,0.0,0.0,0.0,0.0,0.0,0.0,0.0,0.0,0.0,0.0,0.0,0.0,0.0,0.0,0.0,0.0,0.0,0.0,0.0,0.0,0.0,0.0,0.0,0.0,0.0,0.0,0.0,0.0,0.0,0.0,0.0,0.0,0.0,0.0,0.0,0.0,0.0,0.0,0.0,0.0,0.0,0.0,0.0,0.0,0.0,0.0,0.0,0.0,0.0,0.0,0.0,0.0,0.0,0.0,0.0,0.0,0.0,0.0,0.0,0.0,0.0,0.0,0.0,0.0,0.0,0.0,0.0,0.0,0.0,0.0,0.0,0.0,0.0,0.0,0.0,0.0,0.0,0.0,0.0,0.0,0.0,0.0,0.0,0.0,0.0,0.0,0.0,0.0,0.0,0.0,0.0,0.0,0.0,0.0,0.0,0.0,0.0,0.0,0.0,0.0,0.0,0.0,0.0,0.0,0.0,0.0,0.0
